rutid,desokod,kommunkod,e,n,lon,lat,befolkning_2025,befolkning_65_plus_2025
3520006860000,2039A0030,2039,352499.999,6860500.0,12.197166,61.8486349,3,0
3520006862000,2039A0030,2039,352499.999,6862499.998,12.1955267,61.8665669,3,3
3530006861000,2039A0030,2039,353499.997,6861500.002,12.2153277,61.8579868,6,3
3530006862000,2039A0030,2039,353499.997,6862499.998,12.2145133,61.8669529,4,0
3540006859000,2039A0030,2039,354499.999,6859499.999,12.2359255,61.8404374,3,3
3540006860000,2039A0030,2039,354499.999,6860500.0,12.2351177,61.8494037,4,3
3540006861000,2039A0030,2039,354499.999,6861500.002,12.2343094,61.85837,7,0
3560006858000,2039A0030,2039,356500.0,6858500.002,12.2746645,61.8322288,3,3
3560006859000,2039A0030,2039,356500.0,6859499.999,12.2738683,61.8411954,4,0
3570006859000,2039A0030,2039,357499.998,6859499.999,12.2928405,61.8415706,4,3
3590006883000,2039A0030,2039,359500.003,6883499.998,12.3119187,62.057517,13,0
3590006884000,2039A0030,2039,359500.003,6884500.0,12.3111259,62.0664836,33,8
3590006885000,2039A0030,2039,359500.003,6885500.001,12.3103326,62.0754502,4,6
3590006887000,2039A0030,2039,359500.003,6887499.999,12.3087444,62.0933833,12,3
3590006889000,2039A0030,2039,359500.003,6889500.002,12.307154,62.1113164,3,0
3600006883000,2039A0030,2039,360500.001,6883499.998,12.3310262,62.0578876,7,8
3600006885000,2039A0030,2039,360500.001,6885500.001,12.3294514,62.0758211,10,6
3610006866000,2039A0030,2039,361500.0,6866499.999,12.3633404,61.9058157,3,0
3620006850000,2039A0030,2039,362499.998,6850500.001,12.3945584,61.7626991,15,6
3620006851000,2039A0030,2039,362499.998,6851499.997,12.3937995,61.7716667,25,7
3620006880000,2039A0030,2039,362499.998,6880499.999,12.3715674,62.0317196,5,6
3630006850000,2039A0030,2039,363500.0,6850500.001,12.4134842,61.7630573,18,8
3630006878000,2039A0030,2039,363500.0,6878500.001,12.3921956,62.0141474,6,6
3630006879000,2039A0030,2039,363500.0,6879499.998,12.3914279,62.0231146,10,4
3630006881000,2039A0030,2039,363500.0,6881500.001,12.389891,62.0410491,3,3
3630006882000,2039A0030,2039,363500.0,6882499.997,12.3891217,62.0500163,3,0
3650006855000,2039A0030,2039,365500.001,6855500.003,12.4476198,61.8086057,3,3
3660006830000,2039A0020,2039,366499.999,6830500.001,12.4849014,61.5847501,3,3
3660006831000,2039A0020,2039,366499.999,6831499.998,12.4841741,61.5937186,4,3
3660006832000,2039A0020,2039,366499.999,6832499.999,12.4834464,61.602687,4,4
3660006855000,2039A0030,2039,366499.999,6855500.003,12.4665746,61.8089568,6,3
3660006876000,2039A0030,2039,366499.999,6876499.998,12.4509422,61.9972821,4,0
3670006830000,2039A0020,2039,367499.998,6830500.001,12.5037198,61.5850953,3,0
3670006831000,2039A0020,2039,367499.998,6831499.998,12.502998,61.5940639,9,6
3670006855000,2039A0030,2039,367499.998,6855500.003,12.4855298,61.8093052,15,6
3710006870000,2039A0030,2039,371499.999,6870500.0,12.5506279,61.9452013,7,3
3710006872000,2039A0030,2039,371499.999,6872500.002,12.5491894,61.9631382,3,3
3740006857000,2039A0030,2039,374500.002,6857500.001,12.616839,61.829609,5,0
3740006864000,2039A0030,2039,374500.002,6864500.001,12.6119558,61.8923919,12,3
3740006865000,2039A0030,2039,374500.002,6865499.997,12.6112563,61.9013608,18,3
3760006840000,2039A0020,2039,376499.999,6840500.001,12.6663575,61.6777818,4,3
3770006773000,2023A0020,2023,377499.997,6773499.999,12.7292604,61.0770979,3,0
3770006875000,2039A0030,2039,377499.997,6875500.002,12.6614477,61.9920311,4,0
3770006877000,2039A0030,2039,377499.997,6877500.0,12.6600715,62.0099692,3,3
3770006878000,2039A0030,2039,377499.997,6878500.001,12.6593828,62.0189383,4,3
3780006839000,2039A0020,2039,378499.999,6839500.0,12.7047791,61.6694503,3,3
3780006859000,2039A0030,2039,378499.999,6859499.999,12.6913735,61.8488433,4,6
3780006860000,2039A0030,2039,378499.999,6860500.0,12.6906985,61.8578128,7,0
3780006862000,2039A0030,2039,378499.999,6862499.998,12.6893472,61.8757517,3,0
3790006783000,2023A0020,2023,379500.002,6783499.998,12.7599568,61.1674245,4,0
3790006784000,2023A0020,2023,379500.002,6784500.0,12.7593201,61.1763953,4,7
3790006859000,2039A0030,2039,379500.002,6859499.999,12.7103565,61.8491608,16,3
3790006860000,2039A0030,2039,379500.002,6860500.0,12.7096871,61.8581305,186,58
3790006861000,2039A0030,2039,379500.002,6861500.002,12.7090172,61.8671001,62,7
3800006782000,2023A0020,2023,380500.0,6782500.002,12.7791607,61.1587597,8,0
3800006837000,2039A0020,2039,380500.0,6837500.002,12.7438345,61.6521379,7,0
3800006854000,2039A0030,2039,380500.0,6854500.001,12.7326528,61.8046269,3,3
3800006859000,2039A0030,2039,380500.0,6859499.999,12.7293399,61.8494757,10,0
3800006860000,2039A0030,2039,380500.0,6860500.0,12.728676,61.8584455,407,86
3810006768000,2023A0020,2023,381499.998,6768500.001,12.8064459,61.0334668,5,3
3810006779000,2023A0020,2023,381499.998,6779500.002,12.7996035,61.1321499,13,3
3810006780000,2023A0020,2023,381499.998,6780499.999,12.7989791,61.141121,14,3
3810006783000,2023A0020,2023,381499.998,6783499.998,12.7971032,61.1680342,3,3
3810006836000,2039A0020,2039,381499.998,6836500.0,12.7633458,61.6434774,3,3
3810006837000,2039A0020,2039,381499.998,6837500.002,12.7626974,61.6524476,3,0
3810006860000,2039A0030,2039,381499.998,6860500.0,12.7476654,61.8587579,59,16
3810006862000,2039A0030,2039,381499.998,6862499.998,12.7463474,61.8766975,12,3
3820006778000,2023A0020,2023,382500.001,6778500.001,12.8187752,61.1234793,37,9
3820006779000,2023A0020,2023,382500.001,6779500.002,12.8181564,61.1324505,71,19
3820006780000,2023A0020,2023,382500.001,6780499.999,12.8175372,61.1414217,3,0
3820006837000,2039A0020,2039,382500.001,6837500.002,12.7815608,61.6527548,3,0
3820006859000,2039A0030,2039,382500.001,6859499.999,12.7673082,61.8500977,7,3
3820006864000,2039A0030,2039,382500.001,6864500.001,12.7640396,61.8949473,5,0
3830006767000,2023A0020,2023,383500.003,6767500.0,12.844046,61.0250915,3,0
3830006858000,2039A0030,2039,383500.003,6858500.002,12.7869398,61.8414347,3,0
3830006864000,2039A0030,2039,383500.003,6864500.001,12.7830522,61.8952549,3,0
3840006763000,2023A0020,2023,384500.001,6763499.999,12.8649487,60.9894991,3,3
3840006764000,2023A0020,2023,384500.001,6764500.001,12.8643463,60.9984707,3,3
3840006771000,2023A0020,2023,384500.001,6771500.001,12.8601186,61.0612721,3,3
3840006777000,2023A0020,2023,384500.001,6777499.999,12.8564795,61.1151011,3,0
3840006837000,2039A0020,2039,384500.001,6837500.002,12.8192889,61.6533612,5,0
3850006794000,2023A0030,2023,385500.0,6794499.999,12.8647239,61.2679084,3,0
3850006795000,2023A0030,2023,385500.0,6795500.001,12.8641145,61.2768798,3,0
3850006796000,2023A0030,2023,385500.0,6796500.002,12.8635047,61.2858511,4,0
3850006868000,2039A0030,2039,385500.0,6868500.002,12.8185225,61.9317431,3,0
3860006757000,2023A0020,2023,386499.998,6757500.0,12.9054336,60.9362474,3,6
3860006758000,2023A0020,2023,386499.998,6758499.997,12.9048439,60.9452193,3,0
3860006794000,2023A0030,2023,386499.998,6794499.999,12.8833575,61.2682005,4,0
3860006795000,2023A0030,2023,386499.998,6795500.001,12.8827534,61.2771719,27,0
3860006863000,2039A0030,2039,386499.998,6863499.999,12.8407245,61.8871917,4,0
3870006856000,2039A0030,2039,387500.0,6856499.999,12.8641091,61.824695,3,0
3870006864000,2039A0030,2039,387500.0,6864500.001,12.8591064,61.8964591,3,4
3870006865000,2039A0030,2039,387500.0,6865499.997,12.8584792,61.9054296,6,0
3890006784000,2023A0020,2023,389500.001,6784500.0,12.9451214,61.1793431,4,3
3890006785000,2023A0020,2023,389500.001,6785500.001,12.944537,61.188315,4,0
3890006800000,2023A0030,2023,389500.001,6800499.998,12.935726,61.3228914,3,0
3900006784000,2023A0020,2023,390499.999,6784500.0,12.9637036,61.1796238,10,3
3900006785000,2023A0020,2023,390499.999,6785500.001,12.9631246,61.1885958,4,0
3900006786000,2023A0020,2023,390499.999,6786499.998,12.9625451,61.1975678,8,0
3900006851000,2039A0020,2039,390499.999,6851499.997,12.9240515,61.7807133,3,3
3910006784000,2023A0020,2023,391499.997,6784500.0,12.9822862,61.179902,15,3
3910006785000,2023A0020,2023,391499.997,6785500.001,12.9817125,61.1888741,8,0
3910006786000,2023A0020,2023,391499.997,6786499.998,12.9811383,61.1978462,3,0
3910006799000,2023A0030,2023,391499.997,6799500.001,12.97364,61.3144818,3,0
3920006785000,2023A0020,2023,392500.0,6785500.001,13.0003008,61.1891499,10,3
3920006847000,2039A0020,2039,392500.0,6847500.001,12.9643126,61.7453963,3,3
3920006848000,2039A0020,2039,392500.0,6848499.998,12.96372,61.7543675,3,3
3930006785000,2023A0020,2023,393500.002,6785500.001,13.0188895,61.1894231,9,3
3930006835000,2039A0020,2039,393500.002,6835499.999,12.9902508,61.6380186,3,0
3930006838000,2039A0020,2039,393500.002,6838500.003,12.9885021,61.6649331,3,0
3930006845000,2039A0020,2039,393500.002,6845499.998,12.9844085,61.7277331,20,3
3930006846000,2039A0020,2039,393500.002,6846500.0,12.9838221,61.7367045,17,13
3940006771000,2023A0020,2023,394500.001,6771500.001,13.0452568,61.0640789,3,3
3940006786000,2023A0030,2023,394500.001,6786499.998,13.0369203,61.1986661,3,0
3940006844000,2039A0020,2039,394500.001,6844500.002,13.003901,61.7190384,3,0
3940006873000,2039A0030,2039,394500.001,6873499.999,12.9869086,61.9792056,6,4
3950006784000,2023A0030,2023,395499.999,6784500.0,13.0566206,61.1809894,5,0
3950006868000,2039A0030,2039,395499.999,6868500.002,13.0089016,61.9346267,6,6
3950006871000,2039A0030,2039,395499.999,6871500.001,13.0071475,61.9615403,3,3
3960006783000,2023A0030,2023,396499.997,6783499.998,13.0757521,61.1722823,4,3
3960006784000,2023A0030,2023,396499.997,6784500.0,13.0752051,61.1812549,3,0
3960006807000,2023A0030,2023,396499.997,6807500.003,13.0625237,61.3876207,3,0
3960006808000,2023A0030,2023,396499.997,6808500.0,13.061968,61.3965929,8,3
3970006782000,2023A0030,2023,397499.999,6782500.002,13.0948732,61.1635724,4,0
3970006783000,2023A0030,2023,397499.999,6783499.998,13.0943318,61.1725451,5,0
3970006807000,2023A0030,2023,397499.999,6807500.003,13.0812309,61.3878859,3,3
3970006808000,2023A0030,2023,397499.999,6808500.0,13.0806805,61.3968582,3,0
3970006809000,2023A0030,2023,397499.999,6809500.001,13.0801298,61.4058305,41,20
3970006810000,2023A0030,2023,397499.999,6810500.002,13.0795787,61.4148029,28,0
3970006811000,2023A0030,2023,397499.999,6811499.999,13.0790272,61.4237751,11,3
3970006812000,2023A0030,2023,397499.999,6812500.0,13.0784754,61.4327474,5,3
3970006818000,2023A0030,2023,397499.999,6818499.999,13.0751568,61.4865808,3,3
3970006819000,2023A0030,2023,397499.999,6819500.0,13.0746025,61.495553,4,0
3980006781000,2023A0030,2023,398500.002,6781500.0,13.1139837,61.1548597,17,0
3980006782000,2023A0030,2023,398500.002,6782500.002,13.1134479,61.1638326,4,0
3980006810000,2023A0030,2023,398500.002,6810500.002,13.0983023,61.4150657,3,0
3980006816000,2023A0030,2023,398500.002,6816500.001,13.0950204,61.4688999,3,0
3980006821000,2023A0030,2023,398500.002,6821499.998,13.0922755,61.5137613,3,3
3990006781000,2023A0030,2023,399500.0,6781500.0,13.1325534,61.1551173,3,0
3990006782000,2023A0030,2023,399500.0,6782500.002,13.1320229,61.1640902,3,0
3990006841000,2039A0020,2039,399500.0,6841500.002,13.1000965,61.6934666,16,7
3990006879000,2039A0030,2039,399500.0,6879499.998,13.0788619,62.0343937,5,3
4000006781000,2023A0030,2023,400499.998,6781500.0,13.1511235,61.1553723,6,0
4000006782000,2023A0030,2023,400499.998,6782500.002,13.1505982,61.1643453,6,0
4000006783000,2023A0030,2023,400499.998,6783499.998,13.1500726,61.1733183,3,0
4000006810000,2023A0030,2023,400499.998,6810500.002,13.1357505,61.4155838,3,0
4000006840000,2039A0020,2039,400499.998,6840500.001,13.119535,61.6847551,5,3
4000006841000,2039A0020,2039,400499.998,6841500.002,13.1189889,61.6937273,132,43
4000006842000,2039A0020,2039,400499.998,6842499.999,13.1184425,61.7026994,3,3
4000006843000,2039A0020,2039,400499.998,6843500.0,13.1178956,61.7116715,4,0
4010006752000,2023A0020,2023,401500.001,6752499.998,13.1846268,60.8953982,3,0
4010006782000,2023A0030,2023,401500.001,6782500.002,13.169174,61.1645978,17,3
4010006783000,2023A0030,2023,401500.001,6783499.998,13.1686537,61.1735709,18,0
4010006784000,2023A0030,2023,401500.001,6784500.0,13.168133,61.182544,11,0
4010006798000,2023A0030,2023,401500.001,6798500.0,13.1608078,61.3081656,6,0
4010006840000,2039A0020,2039,401500.001,6840500.001,13.1384223,61.6850132,73,14
4010006841000,2039A0020,2039,401500.001,6841500.002,13.1378817,61.6939854,320,105
4010006842000,2039A0020,2039,401500.001,6842499.999,13.1373407,61.7029576,15,0
4010006843000,2039A0020,2039,401500.001,6843500.0,13.1367994,61.7119299,9,6
4010006873000,2039A0030,2039,401500.001,6873499.999,13.1203903,61.9810896,5,0
4010006874000,2039A0030,2039,401500.001,6874500.0,13.1198377,61.9900614,6,7
4020006782000,2023A0030,2023,402500.003,6782500.002,13.1877501,61.1648478,99,6
4020006783000,2023A0030,2023,402500.003,6783499.998,13.187235,61.173821,3,0
4020006793000,2023A0030,2023,402500.003,6793500.003,13.1820659,61.2635521,4,0
4020006794000,2023A0030,2023,402500.003,6794499.999,13.1815472,61.2725251,3,0
4020006839000,2039A0020,2039,402500.003,6839500.0,13.1578448,61.6762962,9,0
4020006840000,2039A0020,2039,402500.003,6840500.001,13.15731,61.6852686,56,19
4020006841000,2039A0020,2039,402500.003,6841500.002,13.1567749,61.694241,49,22
4030006772000,2023A0030,2023,403500.002,6772499.997,13.2114059,61.0753616,4,0
4030006773000,2023A0030,2023,403500.002,6773499.999,13.2108995,61.0843351,9,6
4030006774000,2023A0030,2023,403500.002,6774500.0,13.2103927,61.0933085,6,0
4030006780000,2023A0030,2023,403500.002,6780499.999,13.207345,61.1471486,6,0
4030006781000,2023A0030,2023,403500.002,6781500.0,13.2068359,61.1561219,8,0
4030006782000,2023A0030,2023,403500.002,6782500.002,13.2063264,61.1650952,20,0
4030006790000,2023A0030,2023,403500.002,6790499.998,13.2022389,61.236881,8,6
4030006792000,2023A0030,2023,403500.002,6792500.001,13.2012136,61.2548274,7,6
4030006800000,2023A0030,2023,403500.002,6800499.998,13.1970991,61.326612,11,11
4030006804000,2023A0030,2023,403500.002,6804499.999,13.1950338,61.362504,4,0
4030006836000,2039A0020,2039,403500.002,6836500.0,13.1783131,61.6496315,4,3
4030006837000,2039A0020,2039,403500.002,6837500.002,13.1777848,61.658604,4,3
4030006841000,2039A0020,2039,403500.002,6841500.002,13.1756683,61.6944939,14,6
4040006773000,2023A0030,2023,404500.0,6773499.999,13.2294289,61.0845791,8,6
4040006781000,2023A0030,2023,404500.0,6781500.0,13.2254073,61.1563667,4,0
4040006785000,2023A0030,2023,404500.0,6785500.001,13.2233886,61.1922602,10,0
4040006786000,2023A0030,2023,404500.0,6786499.998,13.2228831,61.2012335,21,7
4040006787000,2023A0030,2023,404500.0,6787499.999,13.2223773,61.2102068,14,0
4040006788000,2023A0030,2023,404500.0,6788500.0,13.2218711,61.2191801,6,7
4040006789000,2023A0030,2023,404500.0,6789499.997,13.2213647,61.2281534,7,0
4040006790000,2023A0030,2023,404500.0,6790499.998,13.2208578,61.2371266,22,3
4040006791000,2023A0030,2023,404500.0,6791500.0,13.2203507,61.2460999,13,3
4040006800000,2023A0030,2023,404500.0,6800499.998,13.2157713,61.3268585,5,3
4040006801000,2023A0030,2023,404500.0,6801499.999,13.2152608,61.3358316,7,0
4040006802000,2023A0030,2023,404500.0,6802500.001,13.2147499,61.3448047,8,3
4040006830000,2039A0020,2039,404500.0,6830500.001,13.200309,61.5960455,3,0
4040006840000,2039A0020,2039,404500.0,6840500.001,13.1950863,61.6857716,15,3
4040006841000,2039A0020,2039,404500.0,6841500.002,13.1945621,61.6947442,25,9
4050006782000,2023A0030,2023,405499.998,6782500.002,13.2434802,61.1655825,18,4
4050006783000,2023A0030,2023,405499.998,6783499.998,13.2429809,61.1745559,17,3
4050006784000,2023A0030,2023,405499.998,6784500.0,13.2424814,61.1835294,13,0
4050006785000,2023A0030,2023,405499.998,6785500.001,13.2419815,61.1925028,17,0
4050006810000,2039A0010,2039,405499.998,6810500.002,13.2293771,61.4168339,3,0
4050006811000,2039A0010,2039,405499.998,6811499.999,13.2288686,61.4258069,12,8
4050006812000,2039A0010,2039,405499.998,6812500.0,13.2283598,61.4347799,10,3
4050006839000,2039A0020,2039,405499.998,6839500.0,13.2144933,61.6770466,3,3
4050006840000,2039A0020,2039,405499.998,6840500.001,13.2139749,61.6860192,12,0
4060006779000,2023A0030,2023,406500.0,6779500.002,13.2635375,61.1389015,8,0
4060006780000,2023A0030,2023,406500.0,6780499.999,13.2630445,61.1478751,31,3
4060006781000,2023A0030,2023,406500.0,6781500.0,13.2625512,61.1568487,241,54
4060006782000,2023A0030,2023,406500.0,6782500.002,13.2620576,61.1658223,89,12
4060006783000,2023A0030,2023,406500.0,6783499.998,13.2615636,61.1747958,38,4
4060006811000,2039A0010,2039,406500.0,6811499.999,13.2476004,61.4260493,4,0
4060006812000,2039A0010,2039,406500.0,6812500.0,13.2470969,61.4350224,23,3
4070006764000,2023A0020,2023,407500.003,6764500.001,13.2893773,61.0045316,8,3
4070006765000,2023A0020,2023,407500.003,6765500.002,13.2888943,61.0135056,3,0
4070006774000,2023A0030,2023,407500.003,6774500.0,13.2845333,61.0942699,7,0
4070006776000,2023A0030,2023,407500.003,6776500.003,13.2835607,61.1122174,3,0
4070006777000,2023A0030,2023,407500.003,6777499.999,13.283074,61.1211911,24,9
4070006778000,2023A0030,2023,407500.003,6778500.001,13.2825869,61.1301648,46,3
4070006779000,2023A0030,2023,407500.003,6779500.002,13.2820995,61.1391385,59,0
4070006780000,2023A0030,2023,407500.003,6780499.999,13.2816117,61.1481122,57,12
4070006781000,2023A0030,2023,407500.003,6781500.0,13.2811237,61.1570859,401,31
4070006782000,2023A0030,2023,407500.003,6782500.002,13.2806353,61.1660595,52,3
4070006808000,2039A0010,2039,407500.003,6808500.0,13.2678248,61.3993693,3,0
4070006812000,2039A0010,2039,407500.003,6812500.0,13.2658344,61.4352623,4,0
4070006857000,2039A0020,2039,407500.003,6857500.001,13.2430757,61.8390424,4,0
4080006763000,2023A0020,2023,408500.001,6763499.999,13.3083384,60.9957908,35,12
4080006764000,2023A0020,2023,408500.001,6764500.001,13.3078609,61.0047648,5,0
4080006773000,2023A0030,2023,408500.001,6773499.999,13.3035498,61.0855301,33,15
4080006774000,2023A0030,2023,408500.001,6774500.0,13.3030692,61.0945039,36,10
4080006775000,2023A0030,2023,408500.001,6775500.002,13.3025884,61.1034778,47,9
4080006776000,2023A0030,2023,408500.001,6776500.003,13.3021072,61.1124516,6,3
4080006777000,2023A0030,2023,408500.001,6777499.999,13.3016256,61.1214254,5,3
4080006808000,2039A0010,2039,408500.001,6808500.0,13.286541,61.3996063,5,7
4080006812000,2039A0010,2039,408500.001,6812500.0,13.2845721,61.4354996,7,0
4090006759000,2023A0020,2023,409499.999,6759499.998,13.328703,60.9601249,4,3
4090006761000,2023A0020,2023,409499.999,6761500.001,13.3277607,60.9780731,48,9
4090006762000,2023A0020,2023,409499.999,6762500.003,13.327289,60.9870473,50,20
4090006763000,2023A0020,2023,409499.999,6763499.999,13.3268171,60.9960213,37,17
4090006764000,2023A0020,2023,409499.999,6764500.001,13.3263449,61.0049954,30,4
4090006766000,2023A0030,2023,409499.999,6766499.998,13.3253995,61.0229435,3,0
4090006769000,2023A0030,2023,409499.999,6769499.998,13.323979,61.0498656,4,0
4090006770000,2023A0030,2023,409499.999,6770499.999,13.3235049,61.0588396,10,0
4090006771000,2023A0030,2023,409499.999,6771500.001,13.3230305,61.0678135,11,3
4090006772000,2023A0030,2023,409499.999,6772499.997,13.3225558,61.0767875,53,28
4090006773000,2023A0030,2023,409499.999,6773499.999,13.3220808,61.0857614,67,6
4090006774000,2023A0030,2023,409499.999,6774500.0,13.3216055,61.0947354,67,21
4100006755000,2023A0020,2023,410499.998,6755499.998,13.3490215,60.9244555,24,0
4100006756000,2023A0020,2023,410499.998,6756499.999,13.3485569,60.9334298,19,10
4100006757000,2023A0020,2023,410499.998,6757500.0,13.348092,60.9424041,59,20
4100006758000,2023A0020,2023,410499.998,6758499.997,13.3476268,60.9513783,49,6
4100006759000,2023A0020,2023,410499.998,6759499.998,13.3471613,60.9603525,33,9
4100006760000,2023A0020,2023,410499.998,6760500.0,13.3466954,60.9693268,36,10
4100006761000,2023A0020,2023,410499.998,6761500.001,13.3462293,60.978301,31,6
4100006767000,2023A0030,2023,410499.998,6767500.0,13.3434262,61.0321459,4,0
4100006768000,2023A0030,2023,410499.998,6768500.001,13.342958,61.04112,29,7
4100006769000,2023A0030,2023,410499.998,6769499.998,13.3424894,61.0500941,12,0
4100006770000,2023A0030,2023,410499.998,6770499.999,13.3420205,61.0590681,8,0
4100006771000,2023A0030,2023,410499.998,6771500.001,13.3415514,61.0680422,49,17
4110006750000,2023A0020,2023,411500.0,6750500.0,13.369752,60.8798084,4,0
4110006751000,2023A0020,2023,411500.0,6751500.002,13.3692941,60.8887828,4,3
4110006752000,2023A0020,2023,411500.0,6752499.998,13.3688359,60.8977572,4,3
4110006753000,2023A0020,2023,411500.0,6753500.0,13.3683773,60.9067316,56,12
4110006754000,2023A0020,2023,411500.0,6754500.001,13.3679185,60.915706,41,16
4110006755000,2023A0020,2023,411500.0,6755499.998,13.3674594,60.9246803,11,0
4110006756000,2023A0020,2023,411500.0,6756499.999,13.367,60.9336547,104,29
4110006757000,2023A0020,2023,411500.0,6757500.0,13.3665402,60.9426291,23,16
4110006768000,2023A0030,2023,411500.0,6768500.001,13.3614635,61.0413459,10,3
4110006802000,2039A0010,2039,411500.0,6802500.001,13.345539,61.3464598,7,3
4110006824000,2039A0020,2039,411500.0,6824500.003,13.3350437,61.5438778,3,3
4120006749000,2023A0020,2023,412500.002,6749499.999,13.3886168,60.8710557,42,21
4120006750000,2023A0020,2023,412500.002,6750500.0,13.3881644,60.8800302,47,15
4120006751000,2023A0020,2023,412500.002,6751500.002,13.3877116,60.8890048,50,10
4120006752000,2023A0020,2023,412500.002,6752499.998,13.3872585,60.8979792,104,30
4120006753000,2023A0020,2023,412500.002,6753500.0,13.3868052,60.9069537,55,25
4120006754000,2023A0020,2023,412500.002,6754500.001,13.3863515,60.9159282,8,3
4120006801000,2039A0010,2039,412500.002,6801499.999,13.3646926,61.3377122,6,6
4120006802000,2039A0010,2039,412500.002,6802500.001,13.3642245,61.346686,15,19
4120006820000,2039A0010,2039,412500.002,6820499.997,13.3557456,61.5082118,6,3
4120006823000,2039A0020,2039,412500.002,6823500.001,13.3543226,61.5351324,3,0
4130006745000,2023A0020,2023,413500.001,6745500.003,13.4088106,60.8353765,8,3
4130006746000,2023A0020,2023,413500.001,6746499.999,13.4083644,60.8443511,36,14
4130006747000,2023A0020,2023,413500.001,6747500.001,13.407918,60.8533258,11,13
4130006748000,2023A0020,2023,413500.001,6748500.002,13.4074712,60.8623004,19,3
4130006749000,2023A0020,2023,413500.001,6749499.999,13.4070242,60.871275,47,24
4130006750000,2023A0020,2023,413500.001,6750500.0,13.4065769,60.8802496,55,23
4130006751000,2023A0020,2023,413500.001,6751500.002,13.4061293,60.8892242,53,17
4130006752000,2023A0020,2023,413500.001,6752499.998,13.4056814,60.8981987,9,0
4130006818000,2039A0010,2039,413500.001,6818499.999,13.3754643,61.4904896,3,3
4130006819000,2039A0010,2039,413500.001,6819500.0,13.3749963,61.4994633,3,0
4140006746000,2023A0020,2023,414499.999,6746499.999,13.4267566,60.8445676,5,0
4140006747000,2023A0020,2023,414499.999,6747500.001,13.4263153,60.8535424,10,0
4140006748000,2023A0020,2023,414499.999,6748500.002,13.4258737,60.8625171,5,0
4140006749000,2023A0020,2023,414499.999,6749499.999,13.4254318,60.8714917,6,3
4140006813000,2039A0010,2039,414499.999,6813500.002,13.3965446,61.4458432,3,0
4150006813000,2039A0010,2039,415499.997,6813500.002,13.4152899,61.4460626,5,0
4160006842000,2039A0020,2039,416500.0,6842499.999,13.4208554,61.7065183,3,0
4170006709000,2023A0010,2023,417500.002,6709500.001,13.4974988,60.513119,3,0
4170006710000,2023A0010,2023,417500.002,6710499.997,13.497083,60.5220944,3,3
4180006701000,2023A0010,2023,418500.0,6701499.999,13.5189802,60.4415178,3,0
4180006733000,2023A0010,2023,418500.0,6733500.001,13.5057723,60.7287319,3,0
4180006811000,2039A0010,2039,418500.0,6811499.999,13.4724059,61.4287569,3,3
4190006733000,2023A0010,2023,419499.999,6733500.001,13.5240992,60.7289349,117,31
4190006751000,2023A0020,2023,419499.999,6751500.002,13.5166416,60.8904879,3,0
4200006732000,2023A0010,2023,420499.997,6732499.999,13.542833,60.72016,33,7
4200006733000,2023A0010,2023,420499.997,6733500.001,13.5424263,60.7291353,67,28
4200006734000,2023A0010,2023,420499.997,6734500.002,13.5420194,60.7381107,86,34
4210006732000,2023A0010,2023,421499.999,6732499.999,13.5611553,60.7203578,12,0
4210006733000,2023A0010,2023,421499.999,6733500.001,13.5607538,60.7293333,119,34
4210006734000,2023A0010,2023,421499.999,6734500.002,13.560352,60.7383087,107,35
4220006731000,2023A0010,2023,422500.002,6731500.003,13.5798741,60.7115777,4,0
4220006733000,2023A0010,2023,422500.002,6733500.001,13.5790815,60.7295288,9,0
4230006730000,2023A0010,2023,423500.0,6730500.001,13.5985827,60.7027949,19,3
4230006731000,2023A0010,2023,423500.0,6731500.003,13.5981918,60.7117706,25,12
4230006732000,2023A0010,2023,423500.0,6732499.999,13.5978008,60.7207461,41,13
4240006719000,2023A0010,2023,424499.998,6719500.0,13.6211221,60.6042518,3,0
4240006730000,2023A0010,2023,424499.998,6730500.001,13.6168955,60.7029852,54,6
4240006731000,2023A0010,2023,424499.998,6731500.003,13.6165098,60.7119609,41,15
4250006730000,2023C1020,2023,425500.001,6730500.001,13.6352087,60.7031729,19,6
4250006731000,2023A0010,2023,425500.001,6731500.003,13.634828,60.7121487,41,14
4250006772000,2039A0010,2039,425500.001,6772499.997,13.6190082,61.0801428,3,3
4260006729000,2023C1020,2023,426500.003,6729500.0,13.6538974,60.6943823,38,11
4260006730000,2023C1030,2023,426500.003,6730500.001,13.6535221,60.7033582,97,24
4260006731000,2023A0010,2023,426500.003,6731500.003,13.6531466,60.712334,17,3
4270006728000,2023C1020,2023,427500.001,6728499.998,13.6725758,60.6855891,12,3
4270006729000,2023C1020,2023,427500.001,6729500.0,13.6722058,60.694565,116,29
4270006730000,2023C1030,2023,427500.001,6730500.001,13.6718357,60.7035409,109,40
4270006731000,2023C1030,2023,427500.001,6731500.003,13.6714652,60.7125168,3,3
4280006698000,2023A0010,2023,428500.0,6698500.0,13.7017162,60.4164836,5,0
4280006726000,2023C1020,2023,428500.0,6726500.0,13.6916084,60.6678172,11,6
4280006727000,2023C1020,2023,428500.0,6727499.997,13.691244,60.6767932,108,34
4280006728000,2023C1020,2023,428500.0,6728499.998,13.6908794,60.6857692,163,50
4280006729000,2023C1030,2023,428500.0,6729500.0,13.6905146,60.6947452,111,37
4280006730000,2023C1030,2023,428500.0,6730500.001,13.6901495,60.7037211,138,25
4290006696000,2023A0010,2023,429499.998,6696499.997,13.7205737,60.3987063,4,3
4290006725000,2023C1020,2023,429499.998,6725499.999,13.7102611,60.6590186,51,17
4290006726000,2023C1020,2023,429499.998,6726500.0,13.709902,60.6679947,287,78
4290006727000,2023C1020,2023,429499.998,6727499.997,13.7095428,60.6769707,443,132
4290006728000,2023C1030,2023,429499.998,6728499.998,13.7091833,60.6859468,975,251
4290006729000,2023C1030,2023,429499.998,6729500.0,13.7088235,60.6949228,334,101
4290006771000,2039A0010,2039,429499.998,6771500.001,13.693502,61.0719046,3,0
4300006690000,2023A0010,2023,430500.0,6690499.998,13.7407964,60.3450199,6,0
4300006693000,2023A0010,2023,430500.0,6693499.997,13.7397574,60.3719497,7,0
4300006694000,2023A0010,2023,430500.0,6694499.999,13.7394106,60.3809263,3,0
4300006696000,2023A0010,2023,430500.0,6696499.997,13.7387164,60.3988794,3,6
4300006717000,2023A0010,2023,430500.0,6717500.002,13.7313735,60.5873839,3,0
4300006722000,2023A0010,2023,430500.0,6722500.0,13.7296105,60.632265,14,8
4300006723000,2023C1020,2023,430500.0,6723500.001,13.7292572,60.6412412,19,0
4300006724000,2023C1020,2023,430500.0,6724499.997,13.7289037,60.6502173,38,8
4300006725000,2023C1020,2023,430500.0,6725499.999,13.72855,60.6591935,43,14
4300006726000,2023C1010,2023,430500.0,6726500.0,13.728196,60.6681696,150,45
4300006727000,2023C1010,2023,430500.0,6727499.997,13.7278418,60.6771457,484,124
4300006728000,2023C1010,2023,430500.0,6728499.998,13.7274874,60.6861219,684,211
4300006729000,2023C1010,2023,430500.0,6729500.0,13.7271328,60.695098,145,56
4300006797000,2039A0010,2039,430500.0,6797499.999,13.7024687,61.305442,3,3
4310006688000,2023A0010,2023,431500.003,6688500.0,13.759591,60.3272368,4,0
4310006689000,2023A0010,2023,431500.003,6689500.002,13.7592503,60.3362135,3,0
4310006701000,2023A0010,2023,431500.003,6701499.999,13.755145,60.4439329,3,0
4310006722000,2023A0010,2023,431500.003,6722500.0,13.7478844,60.6324372,10,4
4310006723000,2023A0010,2023,431500.003,6723500.001,13.7475362,60.6414135,42,9
4310006724000,2023C1010,2023,431500.003,6724499.997,13.7471877,60.6503897,24,9
4310006725000,2023C1010,2023,431500.003,6725499.999,13.7468391,60.6593659,146,42
4310006726000,2023C1010,2023,431500.003,6726500.0,13.7464902,60.6683421,75,21
4310006727000,2023C1010,2023,431500.003,6727499.997,13.7461411,60.6773183,28,13
4310006728000,2023C1010,2023,431500.003,6728499.998,13.7457918,60.6862945,39,12
4320006721000,2023A0010,2023,432500.001,6721499.998,13.7665013,60.6236306,3,0
4320006795000,2039A0010,2039,432500.001,6795500.001,13.7405168,61.2878429,3,3
4330006772000,2039A0010,2039,433499.999,6772499.997,13.7672598,61.0815766,4,3
4330006794000,2039A0010,2039,433499.999,6794499.999,13.7595248,61.2790392,3,3
4330006795000,2039A0010,2039,433499.999,6795500.001,13.7591705,61.2880147,3,3
4330006796000,2039A0010,2039,433499.999,6796500.002,13.7588161,61.2969901,12,9
4340006683000,2023A0010,2023,434499.998,6683500.003,13.8155273,60.2828477,3,0
4340006716000,2023A0010,2023,434499.998,6716500.001,13.8047004,60.57908,35,9
4340006717000,2023A0010,2023,434499.998,6717500.002,13.8043687,60.5880566,19,9
4340006719000,2023A0010,2023,434499.998,6719500.0,13.8037047,60.6060095,7,0
4340006733000,2023A0010,2023,434499.998,6733500.001,13.7990327,60.731679,3,0
4350006689000,2023A0010,2023,435500.0,6689500.002,13.8316847,60.3368695,3,0
4350006712000,2023A0010,2023,435500.0,6712500.0,13.8242491,60.5433355,19,9
4350006713000,2023A0010,2023,435500.0,6713500.001,13.8239233,60.5523122,36,18
4350006714000,2023A0010,2023,435500.0,6714500.003,13.8235973,60.5612888,4,3
4350006715000,2023A0010,2023,435500.0,6715499.999,13.8232711,60.5702653,21,10
4350006716000,2023A0010,2023,435500.0,6716500.001,13.8229447,60.5792419,127,41
4350006717000,2023A0010,2023,435500.0,6717500.002,13.8226181,60.5882185,16,9
4350006718000,2023A0010,2023,435500.0,6718499.999,13.8222913,60.5971951,15,6
4350006747000,2023A0010,2023,435500.0,6747500.001,13.8127209,60.8575095,3,0
4350006793000,2039A0010,2039,435500.0,6793500.003,13.7971658,61.2703995,11,0
4350006794000,2039A0010,2039,435500.0,6794499.999,13.7968225,61.279375,31,12
4360006688000,2023A0010,2023,436500.002,6688500.0,13.8501096,60.3280504,3,0
4360006713000,2023A0010,2023,436500.002,6713500.001,13.8421527,60.5524714,3,3
4360006715000,2023A0010,2023,436500.002,6715499.999,13.8415106,60.5704247,20,8
4360006726000,2023A0010,2023,436500.002,6726500.0,13.8379643,60.6691671,5,0
4360006727000,2023A0010,2023,436500.002,6727499.997,13.8376407,60.6781435,3,0
4360006732000,2023A0010,2023,436500.002,6732499.999,13.8360194,60.7230258,10,6
4360006733000,2023A0010,2023,436500.002,6733500.001,13.8356945,60.7320023,13,3
4360006735000,2023A0010,2023,436500.002,6735499.998,13.8350441,60.749955,3,0
4360006793000,2039A0010,2039,436500.002,6793500.003,13.8158097,61.2705635,68,18
4360006794000,2039A0010,2039,436500.002,6794499.999,13.8154717,61.279539,99,33
4360006795000,2039A0010,2039,436500.002,6795500.001,13.8151334,61.2885147,3,0
4370006684000,2023A0010,2023,437500.001,6684499.999,13.8694555,60.2922973,18,11
4370006688000,2023A0010,2023,437500.001,6688500.0,13.868214,60.3282057,3,0
4370006689000,2023A0010,2023,437500.001,6689500.002,13.8679031,60.3371828,4,0
4370006692000,2023A0010,2023,437500.001,6692500.001,13.8669693,60.3641138,3,0
4370006693000,2023A0010,2023,437500.001,6693499.997,13.8666576,60.3730908,4,0
4370006694000,2023A0010,2023,437500.001,6694499.999,13.8663458,60.3820678,8,0
4370006733000,2023A0010,2023,437500.001,6733500.001,13.8540256,60.7321602,9,0
4370006734000,2023A0010,2023,437500.001,6734500.002,13.8537057,60.7411366,6,0
4370006736000,2023A0010,2023,437500.001,6736500.0,13.8530651,60.7590895,4,0
4370006737000,2023A0010,2023,437500.001,6737500.001,13.8527445,60.7680659,3,0
4370006741000,2023A0010,2023,437500.001,6741499.997,13.8514599,60.8039715,42,19
4370006742000,2023A0010,2023,437500.001,6742499.999,13.8511383,60.8129478,99,51
4370006790000,2039A0010,2039,437500.001,6790499.998,13.8354507,61.2437977,3,0
4370006793000,2039A0010,2039,437500.001,6793500.003,13.8344538,61.2707249,28,3
4370006794000,2039A0010,2039,437500.001,6794499.999,13.8341211,61.2797005,42,9
4380006678000,2023A0010,2023,438499.999,6678500.001,13.8893668,60.2385867,3,0
4380006680000,2023A0010,2023,438499.999,6680499.999,13.8887587,60.2565412,3,3
4380006683000,2023A0010,2023,438499.999,6683500.003,13.887845,60.2834728,7,3
4380006684000,2023A0010,2023,438499.999,6684499.999,13.8875401,60.29245,4,3
4380006685000,2023A0010,2023,438499.999,6685500.001,13.887235,60.3014271,5,3
4380006734000,2023A0010,2023,438499.999,6734500.002,13.8720421,60.7412921,4,0
4380006742000,2023A0010,2023,438499.999,6742499.999,13.8695158,60.8131037,36,20
4390006683000,2023A0010,2023,439499.997,6683500.003,13.9059249,60.2836229,7,0
4390006756000,2062A0030,2062,439499.997,6756499.999,13.8835132,60.9389264,3,0
4390006757000,2062A0030,2062,439499.997,6757500.0,13.8831988,60.9479027,10,3
4390006758000,2062A0030,2062,439499.997,6758499.997,13.8828842,60.9568789,35,12
4390006759000,2062A0030,2062,439499.997,6759499.998,13.8825694,60.9658552,26,9
4400006756000,2062A0030,2062,440500.0,6756499.999,13.9019636,60.939078,13,0
4400006757000,2062A0030,2062,440500.0,6757500.0,13.9016544,60.9480544,51,21
4400006758000,2062A0030,2062,440500.0,6758499.997,13.9013449,60.9570307,53,27
4400006759000,2062A0030,2062,440500.0,6759499.998,13.9010353,60.966007,34,13
4400006777000,2039A0010,2039,440500.0,6777499.999,13.8954276,61.1275783,11,7
4400006787000,2039A0010,2039,440500.0,6787499.999,13.8922836,61.2173383,3,3
4400006794000,2039A0010,2039,440500.0,6794499.999,13.8900705,61.2801696,3,0
4400006795000,2039A0010,2039,440500.0,6795500.001,13.8897535,61.2891454,3,0
4410006676000,2023A0010,2023,441500.002,6676499.998,13.9441107,60.2210741,3,3
4410006757000,2062A0030,2062,441500.002,6757500.0,13.9201101,60.9482036,54,25
4410006758000,2062A0030,2062,441500.002,6758499.997,13.9198059,60.9571799,33,21
4410006776000,2039A0010,2039,441500.002,6776500.003,13.914296,61.1187525,11,6
4410006777000,2039A0010,2039,441500.002,6777499.999,13.9139879,61.1277286,3,3
4410006786000,2039A0010,2039,441500.002,6786499.998,13.9112068,61.2085131,3,0
4410006794000,2039A0010,2039,441500.002,6794499.999,13.9087208,61.2803208,13,0
4410006795000,2039A0010,2039,441500.002,6795500.001,13.9084092,61.2892967,60,18
4420006703000,2021A0010,2021,442500.0,6703500.002,13.9544291,60.4636039,8,3
4420006758000,2062A0030,2062,442500.0,6758499.997,13.938267,60.9573266,10,3
4420006765000,2062A0030,2062,442500.0,6765500.002,13.9361684,61.0201613,3,0
4420006779000,2039A0010,2039,442500.0,6779500.002,13.9319423,61.1458287,11,6
4420006780000,2039A0010,2039,442500.0,6780499.999,13.931639,61.1548048,11,6
4420006787000,2039A0010,2039,442500.0,6787499.999,13.92951,61.2176374,17,0
4420006794000,2039A0010,2039,442500.0,6794499.999,13.9273712,61.2804695,73,23
4420006795000,2039A0010,2039,442500.0,6795500.001,13.9270649,61.2894454,50,9
4430006682000,2021A0010,2021,443499.998,6682500.001,13.9785266,60.2752214,7,6
4430006703000,2021A0010,2021,443499.998,6703500.002,13.9726094,60.4637452,31,7
4430006706000,2021A0010,2021,443499.998,6706500.001,13.9717576,60.4906767,3,0
4430006756000,2062A0030,2062,443499.998,6756499.999,13.9573157,60.9395178,4,0
4430006757000,2062A0030,2062,443499.998,6757500.0,13.957022,60.9484943,5,3
4430006776000,2039A0010,2039,443499.998,6776500.003,13.9514065,61.1190453,6,3
4430006777000,2039A0010,2039,443499.998,6777499.999,13.951109,61.1280215,34,4
4430006778000,2039A0010,2039,443499.998,6778500.001,13.9508114,61.1369977,113,43
4430006779000,2039A0010,2039,443499.998,6779500.002,13.9505135,61.145974,21,7
4430006780000,2039A0010,2039,443499.998,6780499.999,13.9502154,61.1549501,4,0
4430006793000,2039A0010,2039,443499.998,6793500.003,13.9463227,61.2716396,17,6
4430006794000,2039A0010,2039,443499.998,6794499.999,13.9460219,61.2806156,21,0
4440006702000,2021A0010,2021,444499.997,6702500.001,13.9910685,60.4549067,27,12
4440006703000,2021A0010,2021,444499.997,6703500.002,13.99079,60.463884,83,26
4440006705000,2021A0010,2021,444499.997,6705500.0,13.9902323,60.4818384,13,0
4440006706000,2021A0010,2021,444499.997,6706500.001,13.9899532,60.4908156,27,9
4440006707000,2021A0010,2021,444499.997,6707499.998,13.9896739,60.4997928,8,0
4440006756000,2062A0030,2062,444499.997,6756499.999,13.9757667,60.9396594,3,6
4440006777000,2039A0010,2039,444499.997,6777499.999,13.9696699,61.1281641,16,6
4440006778000,2039A0010,2039,444499.997,6778500.001,13.9693775,61.1371404,86,35
4440006793000,2039A0010,2039,444499.997,6793500.003,13.9649682,61.2717831,17,9
4440006794000,2039A0010,2039,444499.997,6794499.999,13.9646727,61.2807591,6,0
4450006702000,2021A0010,2021,445499.999,6702500.001,14.0092443,60.455043,16,7
4450006703000,2021A0010,2021,445499.999,6703500.002,14.0089707,60.4640203,67,17
4450006704000,2021A0010,2021,445499.999,6704499.998,14.008697,60.4729976,20,3
4450006705000,2021A0010,2021,445499.999,6705500.0,14.0084231,60.4819749,145,68
4450006706000,2021A0010,2021,445499.999,6706500.001,14.0081491,60.4909521,39,6
4450006778000,2039A0010,2039,445499.999,6778500.001,13.9879438,61.1372806,3,3
4450006792000,2039A0010,2039,445499.999,6792500.001,13.983904,61.2629478,4,3
4450006793000,2039A0010,2039,445499.999,6793500.003,13.983614,61.271924,11,6
4460006702000,2021A0010,2021,446500.002,6702500.001,14.0274202,60.4551769,3,3
4460006704000,2021A0010,2021,446500.002,6704499.998,14.026883,60.4731315,6,0
4460006705000,2021A0010,2021,446500.002,6705500.0,14.0266141,60.4821088,86,23
4460006706000,2021A0010,2021,446500.002,6706500.001,14.0263451,60.4910862,32,0
4460006755000,2062A0030,2062,446500.002,6755499.998,14.0129474,60.9309582,3,3
4460006788000,2039C1010,2039,446500.002,6788500.0,14.0036814,61.2271813,3,0
4460006791000,2039A0010,2039,446500.002,6791500.0,14.0028291,61.2541099,3,3
4460006792000,2039A0010,2039,446500.002,6792500.001,14.0025446,61.2630862,50,21
4460006793000,2039A0010,2039,446500.002,6793500.003,14.0022599,61.2720624,57,18
4460006794000,2039A0010,2039,446500.002,6794499.999,14.0019751,61.2810385,18,6
4470006678000,2021A0010,2021,447500.0,6678500.001,14.0518702,60.239847,12,0
4470006703000,2021A0010,2021,447500.0,6703500.002,14.0453328,60.4642856,8,3
4470006704000,2021A0010,2021,447500.0,6704499.998,14.0450691,60.473263,27,11
4470006705000,2021A0010,2021,447500.0,6705500.0,14.0448053,60.4822403,48,6
4470006706000,2021A0010,2021,447500.0,6706500.001,14.0445412,60.4912177,3,0
4470006753000,2062A0030,2062,447500.0,6753500.0,14.0319387,60.9131387,6,3
4470006786000,2039C1010,2039,447500.0,6786499.998,14.0228576,61.2093642,27,8
4470006787000,2039C1010,2039,447500.0,6787499.999,14.0225794,61.2183405,88,26
4470006788000,2039C1010,2039,447500.0,6788500.0,14.0223009,61.2273168,54,13
4470006789000,2039C1010,2039,447500.0,6789499.997,14.0220223,61.2362931,59,15
4470006791000,2039C1020,2039,447500.0,6791500.0,14.0214645,61.2542456,82,19
4470006792000,2039A0010,2039,447500.0,6792500.001,14.0211854,61.2632219,9,3
4480006703000,2021A0010,2021,448499.998,6703500.002,14.063514,60.4644145,14,3
4480006704000,2021A0010,2021,448499.998,6704499.998,14.0632554,60.4733919,112,23
4480006705000,2021A0010,2021,448499.998,6705500.0,14.0629965,60.4823693,9,0
4480006785000,2039C1010,2039,448499.998,6785500.001,14.0417395,61.2005207,78,27
4480006786000,2039C1010,2039,448499.998,6786499.998,14.0414667,61.2094971,108,28
4480006787000,2039C1010,2039,448499.998,6787499.999,14.0411938,61.2184735,118,25
4480006788000,2039C1010,2039,448499.998,6788500.0,14.0409206,61.2274498,632,182
4480006789000,2039C1010,2039,448499.998,6789499.997,14.0406473,61.2364261,631,163
4480006790000,2039C1020,2039,448499.998,6790499.998,14.0403738,61.2454025,44,12
4480006791000,2039C1020,2039,448499.998,6791500.0,14.0401001,61.2543788,252,81
4480006792000,2039C1020,2039,448499.998,6792500.001,14.0398263,61.2633551,32,14
4490006682000,2021A0010,2021,449500.001,6682500.001,14.0869846,60.2760112,4,0
4490006703000,2021A0010,2021,449500.001,6703500.002,14.0816955,60.464541,3,3
4490006704000,2021A0010,2021,449500.001,6704499.998,14.0814418,60.4735184,38,14
4490006735000,2062A0030,2062,449500.001,6735499.998,14.0734976,60.7518136,3,0
4490006736000,2062A0030,2062,449500.001,6736500.0,14.0732387,60.7607907,4,0
4490006749000,2062A0030,2062,449500.001,6749499.999,14.0698575,60.8774913,4,3
4490006783000,2039A0010,2039,449500.001,6783499.998,14.060878,61.1826981,10,3
4490006784000,2039A0010,2039,449500.001,6784500.0,14.0606109,61.1916746,73,22
4490006785000,2039C1010,2039,449500.001,6785500.001,14.0603436,61.200651,37,6
4490006786000,2039C1010,2039,449500.001,6786499.998,14.0600761,61.2096274,49,10
4490006787000,2039C1010,2039,449500.001,6787499.999,14.0598084,61.2186038,245,104
4490006788000,2039C1010,2039,449500.001,6788500.0,14.0595406,61.2275803,51,13
4490006790000,2039C1020,2039,449500.001,6790499.998,14.0590044,61.245533,6,3
4490006791000,2039C1020,2039,449500.001,6791500.0,14.058736,61.2545094,132,30
4490006792000,2039C1020,2039,449500.001,6792500.001,14.0584675,61.2634857,8,0
4490006793000,2039A0010,2039,449500.001,6793500.003,14.0581988,61.2724621,4,4
4490006799000,2039A0010,2039,449500.001,6799500.001,14.0565828,61.3263198,4,3
4500006677000,2021A0010,2021,450500.003,6677499.999,14.1062857,60.231245,6,0
4500006680000,2021A0010,2021,450500.003,6680499.999,14.1055517,60.2581785,4,0
4500006681000,2021A0010,2021,450500.003,6681500.0,14.1053067,60.2671564,3,0
4500006703000,2021A0010,2021,450500.003,6703500.002,14.0998771,60.4646649,5,0
4500006704000,2021A0010,2021,450500.003,6704499.998,14.0996285,60.4736424,16,3
4500006729000,2062A0030,2062,450500.003,6729500.0,14.0933608,60.6980761,11,9
4500006753000,2062A0030,2062,450500.003,6753500.0,14.087248,60.913525,3,3
4500006782000,2039A0010,2039,450500.003,6782500.002,14.0797333,61.1738493,10,3
4500006783000,2039A0010,2039,450500.003,6783499.998,14.0794717,61.1828258,71,22
4500006784000,2039A0010,2039,450500.003,6784500.0,14.0792098,61.1918023,55,16
4500006785000,2039A0010,2039,450500.003,6785500.001,14.0789478,61.2007788,21,6
4500006790000,2039C1020,2039,450500.003,6790499.998,14.0776351,61.245661,6,0
4500006791000,2039C1020,2039,450500.003,6791500.0,14.0773721,61.2546374,113,24
4500006792000,2039C1020,2039,450500.003,6792500.001,14.0771089,61.2636138,66,28
4500006793000,2039A0010,2039,450500.003,6793500.003,14.0768455,61.2725902,17,0
4510006692000,2021A0010,2021,451500.001,6692500.001,14.1207281,60.3660324,3,3
4510006729000,2062A0030,2062,451500.001,6729500.0,14.1116741,60.6981988,10,5
4510006742000,2062A0030,2062,451500.001,6742499.999,14.1084414,60.8149017,3,0
4510006775000,2062A0030,2062,451500.001,6775500.002,14.1001118,61.1111381,3,3
4510006776000,2062A0030,2062,451500.001,6776500.003,14.0998566,61.1201147,3,3
4510006782000,2039A0010,2039,451500.001,6782500.002,14.0983218,61.1739743,11,6
4510006783000,2039A0010,2039,451500.001,6783499.998,14.0980654,61.1829509,17,9
4510006791000,2039C1020,2039,451500.001,6791500.0,14.0960082,61.2547629,10,3
4510006792000,2039A0010,2039,451500.001,6792500.001,14.0957503,61.2637393,24,10
4510006793000,2039A0010,2039,451500.001,6793500.003,14.0954922,61.2727158,5,0
4510006794000,2039A0010,2039,451500.001,6794499.999,14.095234,61.2816921,98,25
4510006795000,2039A0010,2039,451500.001,6795500.001,14.0949756,61.2906686,3,6
4520006680000,2021A0010,2021,452499.999,6680499.999,14.1416861,60.258417,18,10
4520006681000,2021A0010,2021,452499.999,6681500.0,14.141451,60.2673949,3,0
4520006692000,2021A0010,2021,452499.999,6692500.001,14.138855,60.3661509,4,4
4520006733000,2062A0030,2062,452499.999,6733500.001,14.1290163,60.7342279,4,3
4520006744000,2062A0030,2062,452499.999,6744500.002,14.1263321,60.8329766,4,3
4520006775000,2062A0030,2062,452499.999,6775500.002,14.1186636,61.1112603,3,0
4520006783000,2039A0010,2039,452499.999,6783499.998,14.1166593,61.1830734,5,0
4520006794000,2039A0010,2039,452499.999,6794499.999,14.1138863,61.2818152,55,12
4520006795000,2039A0010,2039,452499.999,6795500.001,14.1136332,61.2907916,3,3
4530006681000,2021A0010,2021,453499.998,6681500.0,14.1595234,60.2675105,3,0
4530006736000,2062A0030,2062,453499.998,6736500.0,14.1466355,60.7612775,16,9
4530006737000,2062A0030,2062,453499.998,6737500.001,14.146397,60.7702547,18,6
4530006738000,2062A0030,2062,453499.998,6738499.998,14.1461582,60.7792319,4,0
4530006776000,2062A0030,2062,453499.998,6776500.003,14.1369708,61.1203566,5,3
4530006794000,2039A0010,2039,453499.998,6794499.999,14.1325387,61.2819357,3,0
4540006675000,2085A0020,2085,454500.0,6675500.001,14.178945,60.2137556,7,6
4540006680000,2021A0020,2021,454500.0,6680499.999,14.1778212,60.2586457,6,0
4540006681000,2021A0020,2021,454500.0,6681500.0,14.177596,60.2676237,3,0
4540006682000,2021A0010,2021,454500.0,6682500.001,14.1773706,60.2766016,3,0
4540006701000,2021A0010,2021,454500.0,6701499.999,14.1730616,60.4471805,4,0
4540006737000,2062A0030,2062,454500.0,6737500.001,14.1647517,60.7703702,3,3
4540006738000,2062A0030,2062,454500.0,6738499.998,14.1645181,60.7793474,42,18
4540006739000,2062A0030,2062,454500.0,6739499.999,14.1642844,60.7883246,3,0
4540006744000,2062A0030,2062,454500.0,6744500.002,14.1631134,60.8332107,3,0
4540006745000,2062A0030,2062,454500.0,6745500.003,14.1628787,60.8421879,3,0
4540006746000,2062A0030,2062,454500.0,6746499.999,14.1626439,60.851165,3,0
4540006776000,2062A0030,2062,454500.0,6776500.003,14.1555282,61.1204738,29,18
4550006674000,2085A0020,2085,455500.003,6674500.0,14.1972076,60.204888,3,0
4550006687000,2021A0010,2021,455500.003,6687499.999,14.1943443,60.3216022,8,3
4550006700000,2021A0010,2021,455500.003,6700500.003,14.1914571,60.4383143,5,6
4550006708000,2021C1010,2021,455500.003,6708499.999,14.1896684,60.510136,23,8
4550006713000,2021A0010,2021,455500.003,6713500.001,14.1885458,60.5550242,3,3
4550006745000,2062A0030,2062,455500.003,6745500.003,14.1812748,60.8423012,23,6
4550006775000,2062A0030,2062,455500.003,6775500.002,14.17432,61.1116115,11,3
4550006776000,2062A0030,2062,455500.003,6776500.003,14.1740858,61.1205884,75,17
4550006779000,2039A0010,2039,455500.003,6779500.002,14.1733823,61.1475187,26,9
4550006780000,2039A0010,2039,455500.003,6780499.999,14.1731475,61.1564955,36,9
4550006787000,2039A0010,2039,455500.003,6787499.999,14.1714997,61.2193325,4,0
4560006668000,2085A0020,2085,456500.001,6668500.001,14.2165299,60.1511268,15,6
4560006689000,2021A0010,2021,456500.001,6689500.002,14.2120141,60.3396666,4,0
4560006690000,2021A0010,2021,456500.001,6690499.998,14.2117976,60.3486445,13,0
4560006708000,2021C1010,2021,456500.001,6708499.999,14.207876,60.5102453,121,25
4560006709000,2021C1010,2021,456500.001,6709500.001,14.2076568,60.519223,7,0
4560006710000,2021C1010,2021,456500.001,6710499.997,14.2074375,60.5282007,42,6
4560006711000,2021A0010,2021,456500.001,6711499.999,14.207218,60.5371784,12,3
4560006722000,2021A0020,2021,456500.001,6722500.0,14.2047944,60.635932,3,3
4560006743000,2062A0030,2062,456500.001,6743500.0,14.2001195,60.8244574,3,3
4560006744000,2062A0030,2062,456500.001,6744500.002,14.1998953,60.8334347,47,18
4560006745000,2062A0030,2062,456500.001,6745500.003,14.199671,60.8424119,11,3
4560006775000,2062A0030,2062,456500.001,6775500.002,14.1928723,61.1117235,27,6
4560006776000,2039A0010,2039,456500.001,6776500.003,14.1926434,61.1207004,3,0
4560006779000,2039A0010,2039,456500.001,6779500.002,14.1919558,61.1476309,30,18
4560006780000,2039A0010,2039,456500.001,6780499.999,14.1917263,61.1566077,17,3
4570006670000,2085A0020,2085,457499.999,6670499.999,14.2341211,60.1691886,9,0
4570006700000,2021A0010,2021,457499.999,6700500.003,14.2277921,60.4385298,15,3
4570006705000,2021A0010,2021,457499.999,6705500.0,14.2267254,60.4834188,3,3
4570006706000,2021C1010,2021,457499.999,6706500.001,14.2265116,60.4923966,20,5
4570006707000,2021C1010,2021,457499.999,6707499.998,14.2262978,60.5013744,444,129
4570006708000,2021C1010,2021,457499.999,6708499.999,14.2260837,60.5103521,987,234
4570006709000,2021C1010,2021,457499.999,6709500.001,14.2258696,60.5193299,256,88
4570006710000,2021C1010,2021,457499.999,6710499.997,14.2256553,60.5283076,6,0
4570006745000,2062A0030,2062,457499.999,6745500.003,14.2180673,60.8425202,3,0
4570006747000,2062A0030,2062,457499.999,6747500.001,14.2176285,60.8604747,3,0
4570006774000,2062A0030,2062,457499.999,6774500.0,14.2116484,61.1028561,3,3
4580006669000,2085A0020,2085,458499.997,6669500.003,14.2523439,60.1603132,3,0
4580006682000,2021A0020,2021,458499.997,6682500.001,14.2496821,60.2770298,3,3
4580006683000,2021A0020,2021,458499.997,6683500.003,14.2494764,60.2860079,3,3
4580006699000,2021A0010,2021,458499.997,6699500.001,14.2461677,60.4296559,4,3
4580006700000,2021A0010,2021,458499.997,6700500.003,14.2459598,60.4386338,7,7
4580006706000,2021C1010,2021,458499.997,6706500.001,14.2447095,60.4925009,3,0
4580006707000,2021C1010,2021,458499.997,6707499.998,14.2445006,60.5014786,204,63
4580006708000,2021C1010,2021,458499.997,6708499.999,14.2442916,60.5104564,110,28
4580006709000,2021C1010,2021,458499.997,6709500.001,14.2440825,60.5194342,25,3
4580006746000,2062A0030,2062,458499.997,6746499.999,14.2362495,60.8516032,3,3
4580006747000,2062A0030,2062,458499.997,6747500.001,14.2360352,60.8605805,3,3
4580006773000,2062A0030,2062,458499.997,6773499.999,14.2304139,61.093986,18,3
4580006774000,2062A0030,2062,458499.997,6774500.0,14.2301958,61.1029629,20,17
4580006776000,2039A0010,2039,458499.997,6776500.003,14.2297592,61.1209169,3,3
4590006702000,2021A0010,2021,459500.0,6702500.001,14.2637215,60.4566911,3,0
4590006708000,2021C1010,2021,459500.0,6708499.999,14.2624997,60.5105583,3,0
4590006709000,2021A0010,2021,459500.0,6709500.001,14.2622956,60.5195361,3,0
4590006744000,2062A0030,2062,459500.0,6744500.002,14.2550692,60.8337518,3,0
4590006773000,2062A0030,2062,459500.0,6773499.999,14.2489563,61.0940903,7,0
4590006774000,2062A0030,2062,459500.0,6774500.0,14.2487435,61.1030673,17,15
4590006775000,2062A0030,2062,459500.0,6775500.002,14.2485305,61.1120443,21,13
4600006707000,2021A0010,2021,460500.002,6707499.998,14.2809069,60.5016797,12,3
4600006708000,2021A0010,2021,460500.002,6708499.999,14.2807079,60.5106576,13,9
4600006709000,2021A0010,2021,460500.002,6709500.001,14.2805089,60.5196355,78,14
4600006710000,2021A0010,2021,460500.002,6710499.997,14.2803097,60.5286133,9,3
4600006711000,2021A0020,2021,460500.002,6711499.999,14.2801104,60.5375911,9,0
4600006712000,2021B2010,2021,460500.002,6712500.0,14.279911,60.546569,8,0
4600006746000,2062A0030,2062,460500.002,6746499.999,14.2730533,60.8518072,3,0
4600006775000,2039A0010,2039,460500.002,6775500.002,14.2670835,61.1121461,8,6
4610006660000,2085A0020,2085,461500.0,6660499.999,14.3080843,60.0798011,3,0
4610006706000,2021A0010,2021,461500.0,6706500.001,14.2993039,60.4927987,6,3
4610006707000,2021A0010,2021,461500.0,6707499.998,14.2991101,60.5017766,30,9
4610006709000,2021A0010,2021,461500.0,6709500.001,14.2987222,60.5197324,26,15
4610006711000,2021B2010,2021,461500.0,6711499.999,14.2983338,60.5376881,35,4
4610006712000,2021B2010,2021,461500.0,6712500.0,14.2981394,60.546666,55,10
4610006713000,2021B2010,2021,461500.0,6713500.001,14.2979449,60.5556438,62,16
4610006714000,2021B2010,2021,461500.0,6714500.003,14.2977503,60.5646217,56,21
4610006715000,2021B2010,2021,461500.0,6715499.999,14.2975555,60.5735995,65,10
4610006746000,2062A0030,2062,461500.0,6746499.999,14.2914553,60.8519054,3,0
4620006707000,2021A0010,2021,462499.999,6707499.998,14.3173135,60.5018709,61,25
4620006708000,2021A0010,2021,462499.999,6708499.999,14.3171246,60.5108489,31,13
4620006709000,2021A0010,2021,462499.999,6709500.001,14.3169356,60.5198268,11,6
4620006710000,2021B2010,2021,462499.999,6710499.997,14.3167466,60.5288047,13,6
4620006711000,2021B2010,2021,462499.999,6711499.999,14.3165573,60.5377826,32,7
4620006712000,2021B2010,2021,462499.999,6712500.0,14.316368,60.5467605,16,11
4620006713000,2021B2010,2021,462499.999,6713500.001,14.3161785,60.5557384,13,0
4620006714000,2021B2010,2021,462499.999,6714500.003,14.315989,60.5647163,39,13
4620006715000,2021B2010,2021,462499.999,6715499.999,14.3157993,60.5736941,20,0
4620006716000,2021B2010,2021,462499.999,6716500.001,14.3156094,60.5826719,18,6
4620006771000,2062A0030,2062,462499.999,6771500.001,14.3049779,61.0764336,3,0
4620006772000,2062A0030,2062,462499.999,6772499.997,14.3047811,61.0854107,3,0
4630006666000,2085A0020,2085,463499.997,6666500.003,14.3429531,60.1338554,3,3
4630006683000,2021A0020,2021,463499.997,6683500.003,14.3398934,60.2864879,3,0
4630006707000,2021A0010,2021,463499.997,6707499.998,14.335517,60.5019628,9,0
4630006708000,2021A0010,2021,463499.997,6708499.999,14.3353331,60.5109408,16,0
4630006709000,2021A0010,2021,463499.997,6709500.001,14.3351492,60.5199188,33,10
4630006711000,2021B2010,2021,463499.997,6711499.999,14.334781,60.5378746,32,6
4630006713000,2021B2010,2021,463499.997,6713500.001,14.3344123,60.5558305,118,33
4630006714000,2021B2010,2021,463499.997,6714500.003,14.3342278,60.5648084,16,6
4630006746000,2062A0010,2062,463499.997,6746499.999,14.3282597,60.8520943,3,0
4630006747000,2062A0030,2062,463499.997,6747500.001,14.3280712,60.8610718,6,6
4640006666000,2085A0020,2085,464499.999,6666500.003,14.3609531,60.1339434,43,17
4640006667000,2085A0020,2085,464499.999,6667500.0,14.3607789,60.1429219,34,13
4640006669000,2085A0020,2085,464499.999,6669500.003,14.3604303,60.1608789,3,0
4640006686000,2021A0020,2021,464499.999,6686500.002,14.3574487,60.3135113,8,4
4640006687000,2021A0020,2021,464499.999,6687499.999,14.3572723,60.3224896,5,0
4640006710000,2021B2010,2021,464499.999,6710499.997,14.353184,60.5289862,3,3
4640006711000,2021B2010,2021,464499.999,6711499.999,14.3530048,60.5379641,62,7
4640006712000,2021B2010,2021,464499.999,6712500.0,14.3528256,60.5469421,115,41
4640006713000,2021B2010,2021,464499.999,6713500.001,14.3526462,60.55592,255,82
4640006714000,2021B2010,2021,464499.999,6714500.003,14.3524668,60.564898,3,0
4640006767000,2062A0030,2062,464499.999,6767500.0,14.342787,61.0407102,14,0
4640006768000,2062A0030,2062,464499.999,6768500.001,14.3426011,61.0496875,9,3
4650006666000,2085A0020,2085,465500.002,6666500.003,14.3789532,60.1340291,45,26
4650006667000,2085A0020,2085,465500.002,6667500.0,14.3787839,60.1430076,273,80
4650006710000,2021B2010,2021,465500.002,6710499.997,14.3714029,60.5290732,24,13
4650006711000,2021B2010,2021,465500.002,6711499.999,14.3712288,60.5380512,47,15
4650006712000,2021B2010,2021,465500.002,6712500.0,14.3710546,60.5470292,304,94
4650006713000,2021B2010,2021,465500.002,6713500.001,14.3708803,60.5560071,80,17
4650006768000,2062A0030,2062,465500.002,6768500.001,14.3611181,61.0497764,18,7
4650006785000,2062A0030,2062,465500.002,6785500.001,14.3580294,61.2023884,4,0
4660006664000,2085A0020,2085,466500.0,6664500.0,14.3972817,60.116155,4,3
4660006666000,2085A0020,2085,466500.0,6666500.003,14.3969533,60.1341122,14,6
4660006667000,2085A0020,2085,466500.0,6667500.0,14.396789,60.1430908,114,29
4660006668000,2085A0020,2085,466500.0,6668500.001,14.3966245,60.1520694,3,0
4660006673000,2085A0020,2085,466500.0,6673499.998,14.3958007,60.196962,3,3
4660006675000,2085A0020,2085,466500.0,6675500.001,14.3954704,60.214919,6,0
4660006710000,2021B2010,2021,466500.0,6710499.997,14.3896218,60.5291577,27,0
4660006711000,2021B2010,2021,466500.0,6711499.999,14.3894528,60.5381357,131,34
4660006712000,2021B2010,2021,466500.0,6712500.0,14.3892836,60.5471137,42,13
4660006717000,2021A0020,2021,466500.0,6717500.002,14.3884363,60.5920036,3,3
4660006769000,2062A0030,2062,466500.0,6769499.998,14.3794596,61.05884,4,6
4660006770000,2062A0030,2062,466500.0,6770499.999,14.3792839,61.0678173,3,0
4670006666000,2085A0020,2085,467499.998,6666500.003,14.4149536,60.134193,3,3
4670006667000,2085A0020,2085,467499.998,6667500.0,14.4147941,60.1431715,24,7
4670006686000,2021A0020,2021,467499.998,6686500.002,14.4117453,60.3137627,32,16
4670006710000,2021B2010,2021,467499.998,6710499.997,14.4078409,60.5292397,55,17
4670006711000,2021B2010,2021,467499.998,6711499.999,14.4076769,60.5382178,209,59
4670006712000,2021B2010,2021,467499.998,6712500.0,14.4075128,60.5471958,58,16
4670006713000,2021B2010,2021,467499.998,6713500.001,14.4073486,60.5561739,35,9
4670006714000,2021B2010,2021,467499.998,6714500.003,14.4071843,60.5651519,3,4
4670006717000,2021A0020,2021,467499.998,6717500.002,14.4066907,60.5920859,3,3
4670006768000,2062A0030,2062,467499.998,6768500.001,14.3981522,61.0499465,8,0
4670006770000,2062A0030,2062,467499.998,6770499.999,14.3978115,61.0679011,18,0
4670006771000,2062A0030,2062,467499.998,6771500.001,14.397641,61.0768784,5,6
4670006779000,2062A0030,2062,467499.998,6779500.002,14.3962731,61.1486965,17,5
4680006667000,2085A0020,2085,468500.001,6667500.0,14.4327995,60.1432499,5,0
4680006671000,2085A0020,2085,468500.001,6671500.0,14.4321803,60.1791643,3,6
4680006708000,2021A0020,2021,468500.001,6708499.999,14.4263777,60.5113631,6,0
4680006709000,2021A0020,2021,468500.001,6709500.001,14.4262189,60.5203412,12,12
4680006711000,2021B2010,2021,468500.001,6711499.999,14.4259012,60.5382973,19,0
4680006712000,2021B2010,2021,468500.001,6712500.0,14.4257421,60.5472754,21,3
4680006713000,2021B2010,2021,468500.001,6713500.001,14.425583,60.5562535,41,9
4680006718000,2021A0020,2021,468500.001,6718499.999,14.4247857,60.6011436,3,0
4680006764000,2062A0030,2062,468500.001,6764500.001,14.4173285,61.0141181,7,0
4680006778000,2062A0030,2062,468500.001,6778500.001,14.4150143,61.1398008,53,19
4680006779000,2062A0030,2062,468500.001,6779500.002,14.4148482,61.1487781,31,6
4680006805000,2034A0010,2034,468500.001,6805500.0,14.4104909,61.3821822,5,3
4690006673000,2085A0020,2085,469500.003,6673499.998,14.4499051,60.1971974,3,0
4690006709000,2021A0020,2021,469500.003,6709500.001,14.4444332,60.5204182,12,3
4690006710000,2021A0020,2021,469500.003,6710499.997,14.4442794,60.5293963,21,3
4690006711000,2021A0020,2021,469500.003,6711499.999,14.4441255,60.5383744,5,0
4690006752000,2062A0030,2062,469500.003,6752499.998,14.4377294,60.9064664,3,6
4690006760000,2062A0030,2062,469500.003,6760500.0,14.4364614,60.9782868,3,0
4690006761000,2062A0030,2062,469500.003,6761500.001,14.4363025,60.9872643,3,3
4690006766000,2062C1060,2062,469500.003,6766499.998,14.4355061,61.0321516,6,6
4690006778000,2062A0030,2062,469500.003,6778500.001,14.4335843,61.1398798,74,19
4690006804000,2034A0010,2034,469500.003,6804499.999,14.429368,61.373285,3,0
4700006658000,2085A0020,2085,470500.001,6658500.002,14.4701096,60.0625905,3,3
4700006676000,2085A0020,2085,470500.001,6676499.998,14.4675036,60.2242067,7,4
4700006696000,2021A0020,2021,470500.001,6696499.997,14.4645728,60.4037756,3,0
4700006700000,2021A0020,2021,470500.001,6700500.003,14.4639821,60.4396888,6,3
4700006701000,2021A0020,2021,470500.001,6701499.999,14.4638342,60.4486671,34,6
4700006702000,2021A0020,2021,470500.001,6702500.001,14.4636862,60.4576453,13,6
4700006703000,2021A0020,2021,470500.001,6703500.002,14.4635381,60.4666236,52,21
4700006704000,2021A0020,2021,470500.001,6704499.998,14.4633899,60.4756018,15,3
4700006707000,2021A0020,2021,470500.001,6707499.998,14.4629448,60.5025364,3,3
4700006709000,2021A0020,2021,470500.001,6709500.001,14.4626476,60.5204927,10,3
4700006753000,2062A0030,2062,470500.001,6753500.0,14.4560105,60.9155197,10,0
4700006755000,2062A0030,2062,470500.001,6755499.998,14.4557043,60.9334749,7,7
4700006756000,2062A0030,2062,470500.001,6756499.999,14.4555511,60.9424525,75,21
4700006757000,2062A0030,2062,470500.001,6757500.0,14.4553977,60.9514301,106,18
4700006758000,2062A0030,2062,470500.001,6758499.997,14.4552443,60.9604076,39,20
4700006759000,2062A0030,2062,470500.001,6759499.998,14.4550907,60.9693852,13,9
4700006760000,2062A0030,2062,470500.001,6760500.0,14.4549371,60.9783627,8,9
4700006761000,2062A0030,2062,470500.001,6761500.001,14.4547833,60.9873403,17,0
4700006762000,2062A0030,2062,470500.001,6762500.003,14.4546295,60.9963178,5,0
4700006765000,2062C1060,2062,470500.001,6765500.002,14.4541673,61.0232503,114,28
4700006766000,2062C1080,2062,470500.001,6766499.998,14.4540131,61.0322277,52,3
4700006775000,2062B2010,2062,470500.001,6775500.002,14.4526203,61.1130243,8,0
4700006776000,2062B2010,2062,470500.001,6776500.003,14.452465,61.1220017,31,4
4700006777000,2062B2010,2062,470500.001,6777499.999,14.4523097,61.130979,19,10
4700006778000,2062A0030,2062,470500.001,6778500.001,14.4521542,61.1399563,35,14
4710006696000,2021A0020,2021,471500.0,6696499.997,14.482722,60.4038473,7,9
4710006697000,2021A0020,2021,471500.0,6697499.998,14.4825794,60.4128257,3,0
4710006700000,2021A0020,2021,471500.0,6700500.003,14.4821513,60.4397607,33,3
4710006701000,2021A0020,2021,471500.0,6701499.999,14.4820084,60.4487389,161,56
4710006702000,2021A0020,2021,471500.0,6702500.001,14.4818654,60.4577172,60,22
4710006703000,2021A0020,2021,471500.0,6703500.002,14.4817223,60.4666955,34,15
4710006704000,2021A0020,2021,471500.0,6704499.998,14.4815792,60.4756737,20,8
4710006705000,2021A0020,2021,471500.0,6705500.0,14.4814359,60.484652,13,0
4710006753000,2062A0010,2062,471500.0,6753500.0,14.4744499,60.915593,14,3
4710006755000,2062A0030,2062,471500.0,6755499.998,14.4741541,60.9335482,107,41
4710006756000,2062A0030,2062,471500.0,6756499.999,14.474006,60.9425258,51,18
4710006757000,2062A0030,2062,471500.0,6757500.0,14.4738579,60.9515034,44,13
4710006758000,2062A0030,2062,471500.0,6758499.997,14.4737096,60.960481,88,21
4710006759000,2062A0030,2062,471500.0,6759499.998,14.4735613,60.9694586,3,0
4710006763000,2062C1060,2062,471500.0,6763499.999,14.4729669,61.0053688,8,3
4710006764000,2062C1060,2062,471500.0,6764500.001,14.4728181,61.0143463,231,60
4710006765000,2062C1080,2062,471500.0,6765500.002,14.4726692,61.0233238,78,26
4710006766000,2062C1080,2062,471500.0,6766499.998,14.4725201,61.0323013,15,0
4710006773000,2062B2010,2062,471500.0,6773499.999,14.4714743,61.0951434,12,0
4710006774000,2062B2010,2062,471500.0,6774500.0,14.4713245,61.1041208,127,30
4710006775000,2062B2010,2062,471500.0,6775500.002,14.4711746,61.1130981,224,74
4710006776000,2062B2010,2062,471500.0,6776500.003,14.4710246,61.1220755,279,63
4710006777000,2062B2010,2062,471500.0,6777499.999,14.4708745,61.1310529,74,19
4720006655000,2085A0020,2085,472499.998,6655500.002,14.5064349,60.035793,3,0
4720006656000,2085A0020,2085,472499.998,6656499.999,14.5063009,60.0447718,8,8
4720006657000,2085A0020,2085,472499.998,6657500.0,14.5061669,60.0537507,3,3
4720006692000,2021A0020,2021,472499.998,6692500.001,14.5014204,60.368003,3,0
4720006696000,2021A0020,2021,472499.998,6696499.997,14.5008712,60.4039166,7,0
4720006697000,2021A0020,2021,472499.998,6697499.998,14.5007337,60.412895,7,10
4720006699000,2021A0020,2021,472499.998,6699500.001,14.5004584,60.4308517,3,4
4720006700000,2021A0020,2021,472499.998,6700500.003,14.5003206,60.43983,9,6
4720006701000,2021A0020,2021,472499.998,6701499.999,14.5001827,60.4488083,43,14
4720006702000,2021A0020,2021,472499.998,6702500.001,14.5000447,60.4577866,93,27
4720006703000,2021A0020,2021,472499.998,6703500.002,14.4999067,60.4667649,38,3
4720006704000,2021A0020,2021,472499.998,6704499.998,14.4997685,60.4757432,7,4
4720006753000,2062A0010,2062,472499.998,6753500.0,14.4928893,60.9156637,128,41
4720006754000,2062A0030,2062,472499.998,6754500.001,14.4927467,60.9246413,5,0
4720006755000,2062A0030,2062,472499.998,6755499.998,14.4926039,60.933619,8,3
4720006757000,2062A0030,2062,472499.998,6757500.0,14.4923181,60.9515743,15,3
4720006758000,2062A0030,2062,472499.998,6758499.997,14.492175,60.9605518,6,0
4720006762000,2062C1060,2062,472499.998,6762500.003,14.4916019,60.9964622,15,7
4720006763000,2062C1060,2062,472499.998,6763499.999,14.4914584,61.0054397,23,10
4720006764000,2062C1060,2062,472499.998,6764500.001,14.4913148,61.0144173,87,15
4720006765000,2062C1080,2062,472499.998,6765500.002,14.4911711,61.0233948,100,27
4720006766000,2062C1080,2062,472499.998,6766499.998,14.4910273,61.0323723,197,59
4720006768000,2062A0030,2062,472499.998,6768500.001,14.4907394,61.0503273,15,0
4720006769000,2062B2010,2062,472499.998,6769499.998,14.4905954,61.0593048,48,8
4720006770000,2062B2010,2062,472499.998,6770499.999,14.4904512,61.0682823,187,51
4720006771000,2062B2010,2062,472499.998,6771500.001,14.4903069,61.0772597,134,36
4720006772000,2062B2010,2062,472499.998,6772499.997,14.4901626,61.0862371,45,19
4720006773000,2062A0030,2062,472499.998,6773499.999,14.4900181,61.0952146,16,0
4720006774000,2062B2010,2062,472499.998,6774500.0,14.4898736,61.104192,51,13
4720006775000,2062B2010,2062,472499.998,6775500.002,14.4897289,61.1131694,28,9
4720006776000,2062B2010,2062,472499.998,6776500.003,14.4895842,61.1221468,64,33
4720006777000,2062A0030,2062,472499.998,6777499.999,14.4894394,61.1311242,22,11
4730006656000,2085A0020,2085,473500.0,6656499.999,14.5242529,60.0448377,3,6
4730006688000,2021A0020,2021,473500.0,6688500.0,14.5200778,60.3321558,6,3
4730006689000,2021A0020,2021,473500.0,6689500.002,14.5199459,60.3411343,4,3
4730006699000,2021A0020,2021,473500.0,6699500.001,14.5186228,60.4309185,7,0
4730006701000,2021A0020,2021,473500.0,6701499.999,14.5183571,60.4488752,48,15
4730006702000,2021A0020,2021,473500.0,6702500.001,14.5182242,60.4578535,16,3
4730006753000,2062A0010,2062,473500.0,6753500.0,14.511329,60.9157319,12,3
4730006754000,2062A0010,2062,473500.0,6754500.001,14.5111915,60.9247096,4,0
4730006755000,2062A0030,2062,473500.0,6755499.998,14.5110539,60.9336872,18,6
4730006761000,2062C1020,2062,473500.0,6761500.001,14.5102266,60.987553,178,46
4730006762000,2062C1020,2062,473500.0,6762500.003,14.5100884,60.9965306,337,41
4730006763000,2062C1060,2062,473500.0,6763499.999,14.5099501,61.0055082,472,112
4730006764000,2062C1060,2062,473500.0,6764500.001,14.5098117,61.0144857,94,28
4730006765000,2062C1080,2062,473500.0,6765500.002,14.5096732,61.0234633,239,64
4730006766000,2062C1080,2062,473500.0,6766499.998,14.5095346,61.0324408,65,17
4730006767000,2062C1080,2062,473500.0,6767500.0,14.509396,61.0414184,6,4
4730006768000,2062C1080,2062,473500.0,6768500.001,14.5092572,61.0503959,3,0
4730006771000,2062A0030,2062,473500.0,6771500.001,14.5088404,61.0773284,15,0
4730006772000,2062A0030,2062,473500.0,6772499.997,14.5087013,61.0863058,8,0
4730006775000,2062A0030,2062,473500.0,6775500.002,14.5082835,61.1132382,3,0
4740006661000,2085A0020,2085,474500.003,6661500.001,14.5415826,60.0897955,3,0
4740006687000,2021A0020,2021,474500.003,6687499.999,14.5383142,60.3232414,11,0
4740006688000,2021A0020,2021,474500.003,6688500.0,14.5381874,60.3322199,26,17
4740006694000,2021A0020,2021,474500.003,6694499.999,14.5374249,60.3860908,3,3
4740006701000,2021A0020,2021,474500.003,6701499.999,14.5365317,60.4489396,31,11
4740006742000,2062A0010,2062,474500.003,6742499.999,14.5312183,60.8170419,3,0
4740006749000,2062A0010,2062,474500.003,6749499.999,14.530297,60.8798865,10,3
4740006750000,2062A0010,2062,474500.003,6750500.0,14.5301651,60.8888643,25,12
4740006755000,2062A0030,2062,474500.003,6755499.998,14.529504,60.9337529,24,11
4740006758000,2062C1020,2062,474500.003,6758499.997,14.5291063,60.9606859,29,7
4740006759000,2062C1020,2062,474500.003,6759499.998,14.5289736,60.9696636,145,45
4740006761000,2062C1020,2062,474500.003,6761500.001,14.5287079,60.9876189,146,41
4740006762000,2062C1060,2062,474500.003,6762500.003,14.5285749,60.9965965,1196,314
4740006763000,2062C1050,2062,474500.003,6763499.999,14.5284418,61.0055741,1562,556
4740006764000,2062C1080,2062,474500.003,6764500.001,14.5283086,61.0145517,197,60
4740006765000,2062C1080,2062,474500.003,6765500.002,14.5281754,61.0235293,460,119
4740006766000,2062C1080,2062,474500.003,6766499.998,14.5280421,61.0325068,449,136
4740006767000,2062C1080,2062,474500.003,6767500.0,14.5279086,61.0414844,54,12
4740006768000,2062C1080,2062,474500.003,6768500.001,14.5277751,61.0504619,15,10
4740006777000,2062A0030,2062,474500.003,6777499.999,14.5265696,61.1312592,4,6
4740006784000,2034A0010,2034,474500.003,6784500.0,14.525627,61.1941009,20,7
4750006701000,2021A0020,2021,475500.001,6701499.999,14.5547062,60.4490016,7,0
4750006749000,2062A0010,2062,475500.001,6749499.999,14.548716,60.8799496,62,21
4750006750000,2062A0010,2062,475500.001,6750500.0,14.5485892,60.8889274,144,47
4750006751000,2062A0010,2062,475500.001,6751500.002,14.5484624,60.8979051,18,10
4750006755000,2062A0030,2062,475500.001,6755499.998,14.5479541,60.9338161,4,0
4750006757000,2062A0030,2062,475500.001,6757500.0,14.5476995,60.9517715,6,6
4750006758000,2062C1020,2062,475500.001,6758499.997,14.547572,60.9607492,18,0
4750006759000,2062C1020,2062,475500.001,6759499.998,14.5474445,60.9697268,123,45
4750006760000,2062C1020,2062,475500.001,6760500.0,14.5473169,60.9787045,10,0
4750006761000,2062C1030,2062,475500.001,6761500.001,14.5471892,60.9876822,819,197
4750006762000,2062C1030,2062,475500.001,6762500.003,14.5470614,60.9966598,930,300
4750006763000,2062C1050,2062,475500.001,6763499.999,14.5469336,61.0056374,543,173
4750006764000,2062C1080,2062,475500.001,6764500.001,14.5468056,61.0146151,335,72
4750006765000,2062C1080,2062,475500.001,6765500.002,14.5466776,61.0235927,52,16
4750006766000,2062C1080,2062,475500.001,6766499.998,14.5465495,61.0325702,24,11
4750006777000,2034A0010,2034,475500.001,6777499.999,14.5451348,61.1313229,7,3
4750006784000,2034A0010,2034,475500.001,6784500.0,14.5442292,61.1941647,6,0
4750006786000,2034A0010,2034,475500.001,6786499.998,14.5439697,61.2121194,5,8
4750006787000,2034A0010,2034,475500.001,6787499.999,14.5438398,61.2210968,4,0
4760006701000,2021A0020,2021,476499.999,6701499.999,14.5728808,60.449061,5,0
4760006742000,2062A0010,2062,476499.999,6742499.999,14.5679842,60.8171651,5,3
4760006749000,2062A0010,2062,476499.999,6749499.999,14.5671351,60.8800101,18,5
4760006750000,2062A0010,2062,476499.999,6750500.0,14.5670135,60.8889879,5,0
4760006753000,2062A0010,2062,476499.999,6753500.0,14.5666482,60.9159212,4,0
4760006756000,2062A0010,2062,476499.999,6756499.999,14.5662822,60.9428545,3,0
4760006760000,2062C1030,2062,476499.999,6760500.0,14.5657931,60.9787653,7,10
4760006761000,2062C1030,2062,476499.999,6761500.001,14.5656706,60.987743,7,3
4760006763000,2062C1050,2062,476499.999,6763499.999,14.5654254,61.0056983,228,65
4760006764000,2062C1050,2062,476499.999,6764500.001,14.5653027,61.0146759,325,81
4760006786000,2034A0010,2034,476499.999,6786499.998,14.5625825,61.2121808,4,7
4770006746000,2062A0010,2062,477499.998,6746499.999,14.5859031,60.8531345,5,0
4770006748000,2062A0010,2062,477499.998,6748500.002,14.5856706,60.8710903,3,3
4770006749000,2062A0010,2062,477499.998,6749499.999,14.5855543,60.8800681,5,3
4770006751000,2062A0010,2062,477499.998,6751500.002,14.5853213,60.8980237,18,17
4770006755000,2062A0010,2062,477499.998,6755499.998,14.5848546,60.9339348,7,3
4770006762000,2062C1040,2062,477499.998,6762500.003,14.5840347,60.9967789,14,7
4770006763000,2062C1040,2062,477499.998,6763499.999,14.5839173,61.0057565,938,275
4770006764000,2062C1070,2062,477499.998,6764500.001,14.5837998,61.0147342,651,133
4770006765000,2062C1070,2062,477499.998,6765500.002,14.5836822,61.0237119,112,42
4770006766000,2062C1070,2062,477499.998,6766499.998,14.5835646,61.0326895,22,6
4770006767000,2062A0020,2062,477499.998,6767500.0,14.5834469,61.0416671,36,17
4770006768000,2062A0020,2062,477499.998,6768500.001,14.583329,61.0506447,76,16
4770006769000,2062A0020,2062,477499.998,6769499.998,14.5832112,61.0596223,16,4
4770006777000,2034C1040,2034,477499.998,6777499.999,14.5822653,61.1314426,76,23
4770006778000,2034C1040,2034,477499.998,6778500.001,14.5821468,61.1404201,20,3
4780006653000,2085A0020,2085,478500.0,6653499.999,14.6143279,60.0181931,8,3
4780006654000,2085A0020,2085,478500.0,6654500.001,14.6142233,60.0271722,3,0
4780006670000,2085A0020,2085,478500.0,6670499.999,14.6125403,60.1708349,18,13
4780006683000,2021A0020,2021,478500.0,6683500.003,14.6111603,60.2875586,3,0
4780006752000,2062A0010,2062,478500.0,6752499.998,14.6036396,60.907057,109,33
4780006753000,2062A0010,2062,478500.0,6753500.0,14.6035281,60.9160349,175,55
4780006754000,2062A0010,2062,478500.0,6754500.001,14.6034166,60.9250127,88,25
4780006755000,2062A0010,2062,478500.0,6755499.998,14.603305,60.9339904,37,4
4780006761000,2062C1010,2062,478500.0,6761500.001,14.6026337,60.9878569,4,0
4780006763000,2062C1040,2062,478500.0,6763499.999,14.6024094,61.0058123,200,49
4780006764000,2062C1070,2062,478500.0,6764500.001,14.6022971,61.01479,851,158
4780006767000,2062A0020,2062,478500.0,6767500.0,14.6019598,61.0417229,60,17
4780006768000,2062A0020,2062,478500.0,6768500.001,14.6018473,61.0507006,184,41
4780006769000,2062A0020,2062,478500.0,6769499.998,14.6017346,61.0596782,42,15
4780006770000,2034C1010,2034,478500.0,6770499.999,14.6016219,61.0686558,8,3
4780006771000,2034C1010,2034,478500.0,6771500.001,14.6015091,61.0776334,62,25
4780006772000,2034C1010,2034,478500.0,6772499.997,14.6013962,61.0866109,3,0
4780006773000,2034C1010,2034,478500.0,6773499.999,14.6012833,61.0955885,12,3
4780006775000,2034C1020,2034,478500.0,6775500.002,14.6010572,61.1135436,13,3
4780006776000,2034C1020,2034,478500.0,6776500.003,14.6009441,61.1225212,520,156
4780006777000,2034C1040,2034,478500.0,6777499.999,14.6008308,61.1314987,296,80
4780006778000,2034C1040,2034,478500.0,6778500.001,14.6007175,61.1404762,109,31
4780006779000,2034C1040,2034,478500.0,6779500.002,14.6006041,61.1494537,41,3
4790006654000,2085A0020,2085,479500.002,6654500.001,14.632166,60.0272233,3,0
4790006675000,2085A0030,2085,479500.002,6675500.001,14.6300565,60.2157804,3,0
4790006682000,2021A0020,2021,479500.002,6682500.001,14.629347,60.2786316,5,0
4790006745000,2062A0010,2062,479500.002,6745500.003,14.6228167,60.844265,3,0
4790006746000,2062A0010,2062,479500.002,6746499.999,14.6227108,60.8532428,4,0
4790006750000,2062A0010,2062,479500.002,6750500.0,14.6222869,60.8891544,4,0
4790006751000,2062A0010,2062,479500.002,6751500.002,14.6221808,60.8981322,43,6
4790006752000,2062A0010,2062,479500.002,6752499.998,14.6220745,60.9071101,143,39
4790006753000,2062A0010,2062,479500.002,6753500.0,14.6219683,60.9160879,324,133
4790006754000,2062A0010,2062,479500.002,6754500.001,14.6218619,60.9250657,116,34
4790006755000,2062A0010,2062,479500.002,6755499.998,14.6217555,60.9340435,33,9
4790006759000,2062C1010,2062,479500.002,6759499.998,14.621329,60.9699546,8,6
4790006760000,2062C1010,2062,479500.002,6760500.0,14.6212223,60.9789324,28,13
4790006761000,2062C1010,2062,479500.002,6761500.001,14.6211154,60.9879101,10,6
4790006762000,2062C1010,2062,479500.002,6762500.003,14.6210085,60.9968879,241,52
4790006763000,2062C1010,2062,479500.002,6763499.999,14.6209015,61.0058655,364,109
4790006766000,2062A0020,2062,479500.002,6766499.998,14.6205801,61.0327986,6,0
4790006767000,2062A0020,2062,479500.002,6767500.0,14.6204729,61.0417762,27,6
4790006770000,2034C1010,2034,479500.002,6770499.999,14.6201507,61.0687091,13,11
4790006771000,2034C1010,2034,479500.002,6771500.001,14.6200431,61.0776868,76,17
4790006772000,2034C1010,2034,479500.002,6772499.997,14.6199355,61.0866643,86,29
4790006773000,2034C1010,2034,479500.002,6773499.999,14.6198278,61.0956419,41,10
4790006774000,2034C1020,2034,479500.002,6774500.0,14.6197201,61.1046195,20,0
4790006775000,2034C1020,2034,479500.002,6775500.002,14.6196122,61.1135971,156,50
4790006776000,2034C1020,2034,479500.002,6776500.003,14.6195043,61.1225747,1316,360
4790006777000,2034C1020,2034,479500.002,6777499.999,14.6193964,61.1315522,108,21
4790006778000,2034C1040,2034,479500.002,6778500.001,14.6192883,61.1405297,33,6
4790006779000,2034C1040,2034,479500.002,6779500.002,14.6191802,61.1495072,154,38
4790006780000,2034C1040,2034,479500.002,6780499.999,14.619072,61.1584847,15,6
4790006781000,2034A0010,2034,479500.002,6781500.0,14.6189638,61.1674622,28,6
4790006782000,2034A0010,2034,479500.002,6782500.002,14.6188555,61.1764397,3,3
4790006784000,2034A0010,2034,479500.002,6784500.0,14.6186386,61.1943946,24,7
4790006785000,2034A0010,2034,479500.002,6785500.001,14.6185301,61.2033721,11,6
4800006656000,2085A0020,2085,480500.001,6656499.999,14.6499188,60.0452301,3,3
4800006678000,2085A0030,2085,480500.001,6678500.001,14.6478132,60.2427659,5,0
4800006745000,2062A0010,2062,480500.001,6745500.003,14.6412154,60.8443153,3,0
4800006751000,2062A0010,2062,480500.001,6751500.002,14.6406105,60.8981827,34,6
4800006752000,2062A0010,2062,480500.001,6752499.998,14.6405095,60.9071605,21,13
4800006753000,2062A0010,2062,480500.001,6753500.0,14.6404084,60.9161384,10,0
4800006757000,2062C1010,2062,480500.001,6757500.0,14.6400033,60.9520497,245,82
4800006758000,2062C1010,2062,480500.001,6758499.997,14.6399018,60.9610274,284,86
4800006759000,2062C1010,2062,480500.001,6759499.998,14.6398003,60.9700052,92,23
4800006760000,2062C1010,2062,480500.001,6760500.0,14.6396988,60.978983,5,3
4800006762000,2062C1010,2062,480500.001,6762500.003,14.6394954,60.9969385,311,89
4800006763000,2062C1010,2062,480500.001,6763499.999,14.6393937,61.0059162,22,3
4800006766000,2062A0020,2062,480500.001,6766499.998,14.639088,61.0328493,116,46
4800006769000,2034A0010,2034,480500.001,6769499.998,14.6387817,61.0597823,37,12
4800006771000,2034C1010,2034,480500.001,6771500.001,14.6385771,61.0777376,17,9
4800006772000,2034C1010,2034,480500.001,6772499.997,14.6384748,61.0867152,194,46
4800006773000,2034C1010,2034,480500.001,6773499.999,14.6383723,61.0956928,165,46
4800006774000,2034C1030,2034,480500.001,6774500.0,14.6382698,61.1046704,389,125
4800006775000,2034C1030,2034,480500.001,6775500.002,14.6381673,61.113648,590,152
4800006776000,2034C1030,2034,480500.001,6776500.003,14.6380646,61.1226256,220,67
4800006777000,2034C1030,2034,480500.001,6777499.999,14.6379619,61.1316031,143,47
4800006778000,2034C1020,2034,480500.001,6778500.001,14.6378592,61.1405807,66,26
4800006779000,2034C1040,2034,480500.001,6779500.002,14.6377563,61.1495582,61,12
4800006780000,2034C1040,2034,480500.001,6780499.999,14.6376534,61.1585357,19,0
4800006781000,2034A0010,2034,480500.001,6781500.0,14.6375505,61.1675132,3,0
4810006661000,2085A0030,2085,481499.999,6661500.001,14.6674197,60.0901715,3,3
4810006671000,2085A0030,2085,481499.999,6671500.0,14.6665123,60.1799608,3,0
4810006752000,2062A0010,2062,481499.999,6752499.998,14.6589445,60.9072085,30,15
4810006755000,2062C1010,2062,481499.999,6755499.998,14.6586565,60.9341421,5,3
4810006756000,2062C1010,2062,481499.999,6756499.999,14.6585604,60.9431199,23,6
4810006757000,2062C1010,2062,481499.999,6757500.0,14.6584642,60.9520977,11,0
4810006758000,2062C1010,2062,481499.999,6758499.997,14.658368,60.9610755,76,13
4810006759000,2062C1010,2062,481499.999,6759499.998,14.6582717,60.9700533,6,0
4810006766000,2062A0020,2062,481499.999,6766499.998,14.6575958,61.0328975,17,10
4810006767000,2062A0020,2062,481499.999,6767500.0,14.657499,61.0418752,67,20
4810006768000,2062A0020,2062,481499.999,6768500.001,14.6574022,61.0508529,79,12
4810006769000,2034A0010,2034,481499.999,6769499.998,14.6573052,61.0598306,26,6
4810006770000,2034A0010,2034,481499.999,6770499.999,14.6572083,61.0688082,4,6
4810006771000,2034C1010,2034,481499.999,6771500.001,14.6571112,61.0777859,20,12
4810006772000,2034C1010,2034,481499.999,6772499.997,14.6570141,61.0867635,99,34
4810006773000,2034C1010,2034,481499.999,6773499.999,14.6569169,61.0957412,78,17
4810006774000,2034C1010,2034,481499.999,6774500.0,14.6568197,61.1047188,36,13
4810006775000,2034C1010,2034,481499.999,6775500.002,14.6567224,61.1136964,113,32
4810006776000,2034C1010,2034,481499.999,6776500.003,14.656625,61.122674,56,15
4810006777000,2034C1010,2034,481499.999,6777499.999,14.6565275,61.1316515,64,19
4810006778000,2034C1030,2034,481499.999,6778500.001,14.65643,61.1406291,18,10
4810006779000,2034C1030,2034,481499.999,6779500.002,14.6563325,61.1496067,15,9
4810006780000,2034A0010,2034,481499.999,6780499.999,14.6562349,61.1585842,3,3
4820006661000,2085A0030,2085,482499.997,6661500.001,14.6853967,60.0902155,7,0
4820006702000,2026A0010,2026,482499.997,6702500.001,14.6818424,60.4583443,34,17
4820006703000,2026A0010,2026,482499.997,6703500.002,14.6817545,60.4673228,60,21
4820006772000,2034C1010,2034,482499.997,6772499.997,14.6755535,61.0868093,22,3
4820006773000,2034C1010,2034,482499.997,6773499.999,14.6754615,61.0957869,9,3
4820006776000,2034C1010,2034,482499.997,6776500.003,14.6751854,61.1227198,13,4
4820006777000,2034A0010,2034,482499.997,6777499.999,14.6750932,61.1316974,182,65
4820006779000,2034A0010,2034,482499.997,6779500.002,14.6749087,61.1496526,4,3
4830006664000,2085A0030,2085,483500.0,6664500.0,14.7031315,60.117194,3,0
4830006683000,2085A0030,2085,483500.0,6683500.003,14.7015864,60.2877925,3,3
4830006702000,2026A0010,2026,483500.0,6702500.001,14.7000226,60.4583864,64,27
4830006703000,2026A0010,2026,483500.0,6703500.002,14.6999397,60.4673649,84,25
4830006739000,2029A0010,2029,483500.0,6739499.999,14.6969218,60.7905831,4,0
4830006772000,2034A0010,2034,483500.0,6772499.997,14.694093,61.0868525,4,0
4830006773000,2034A0010,2034,483500.0,6773499.999,14.6940063,61.0958302,11,6
4830006777000,2034A0010,2034,483500.0,6777499.999,14.6936591,61.1317407,37,3
4830006780000,2034A0010,2034,483500.0,6780499.999,14.693398,61.1586734,6,6
4830006783000,2034A0010,2034,483500.0,6783499.998,14.6931364,61.1856061,3,3
4840006656000,2085A0030,2085,484500.002,6656499.999,14.7217292,60.0454008,5,0
4840006660000,2085A0030,2085,484500.002,6660499.999,14.7214266,60.081317,3,6
4840006672000,2085A0030,2085,484500.002,6672500.002,14.7205143,60.1890647,3,3
4840006681000,2085A0030,2085,484500.002,6681500.0,14.7198255,60.2698743,12,0
4840006682000,2085A0030,2085,484500.002,6682500.001,14.7197487,60.2788531,3,0
4840006701000,2026A0010,2026,484500.002,6701499.999,14.7182806,60.4494475,72,14
4840006702000,2026A0010,2026,484500.002,6702500.001,14.7182028,60.4584261,204,63
4840006703000,2026A0010,2026,484500.002,6703500.002,14.718125,60.4674046,22,7
4840006708000,2026A0010,2026,484500.002,6708499.999,14.7177351,60.512297,3,3
4840006733000,2029A0010,2029,484500.002,6733500.001,14.7157671,60.7367546,15,0
4840006738000,2029A0010,2029,484500.002,6738499.998,14.7153696,60.7816452,9,6
4840006756000,2062A0020,2062,484500.002,6756499.999,14.7139281,60.9432488,13,0
4840006757000,2062A0020,2062,484500.002,6757500.0,14.7138476,60.9522267,18,6
4840006758000,2062A0020,2062,484500.002,6758499.997,14.7137669,60.9612045,23,14
4840006777000,2034A0010,2034,484500.002,6777499.999,14.7122249,61.1317815,27,3
4840006778000,2034A0010,2034,484500.002,6778500.001,14.7121432,61.1407591,3,0
4840006781000,2034A0010,2034,484500.002,6781500.0,14.7118979,61.1676918,22,11
4840006782000,2034A0010,2034,484500.002,6782500.002,14.711816,61.1766694,10,4
4840006786000,2034A0010,2034,484500.002,6786499.998,14.7114878,61.2125795,15,7
4850006651000,2085A0030,2085,485500.0,6651500.001,14.7400347,60.0005417,3,0
4850006656000,2085A0030,2085,485500.0,6656499.999,14.7396819,60.0454373,3,3
4850006665000,2085A0030,2085,485500.0,6665500.002,14.739044,60.1262488,3,3
4850006678000,2085A0030,2085,485500.0,6678500.001,14.7381162,60.2429747,4,0
4850006680000,2085A0030,2085,485500.0,6680499.999,14.7379728,60.2609324,5,3
4850006681000,2085A0030,2085,485500.0,6681500.0,14.737901,60.2699112,4,0
4850006694000,2026A0010,2026,485500.0,6694499.999,14.7369637,60.3866345,3,3
4850006701000,2026A0010,2026,485500.0,6701499.999,14.7364558,60.4494847,64,17
4850006702000,2026A0010,2026,485500.0,6702500.001,14.736383,60.4584633,94,37
4850006734000,2029A0010,2029,485500.0,6734500.002,14.7340301,60.7457704,10,8
4850006736000,2029A0010,2029,485500.0,6736500.0,14.7338815,60.7637266,3,3
4850006755000,2062A0020,2062,485500.0,6755499.998,14.7324594,60.9343088,5,6
4850006778000,2034A0010,2034,485500.0,6778500.001,14.7307144,61.1407973,3,0
4850006779000,2034A0010,2034,485500.0,6779500.002,14.7306379,61.1497749,17,6
4850006782000,2034A0010,2034,485500.0,6782500.002,14.7304082,61.1767077,25,0
4850006783000,2034A0010,2034,485500.0,6783499.998,14.7303315,61.1856852,11,3
4860006671000,2085A0030,2085,486499.999,6671500.0,14.756643,60.1801569,15,3
4860006672000,2085A0030,2085,486499.999,6672500.002,14.7565765,60.1891358,3,0
4860006686000,2026A0010,2026,486499.999,6686500.002,14.7556418,60.3148395,3,0
4860006701000,2026A0010,2026,486499.999,6701499.999,14.754631,60.4495194,3,0
4860006702000,2026A0010,2026,486499.999,6702500.001,14.7545632,60.458498,30,16
4860006754000,2062A0020,2062,486499.999,6754500.001,14.7509804,60.9253663,11,3
4860006755000,2062A0020,2062,486499.999,6755499.998,14.7509103,60.9343442,3,3
4860006763000,2062A0020,2062,486499.999,6763499.999,14.7503479,61.0061671,3,0
4860006779000,2034A0010,2034,486499.999,6779500.002,14.7492143,61.1498106,28,10
4860006780000,2034A0010,2034,486499.999,6780499.999,14.7491431,61.1587882,18,9
4860006782000,2034A0010,2034,486499.999,6782500.002,14.7490005,61.1767434,3,0
4860006783000,2034A0010,2034,486499.999,6783499.998,14.7489291,61.185721,19,6
4860006817000,2034A0010,2034,486499.999,6817499.998,14.746474,61.4909515,3,3
4870006665000,2085A0030,2085,487499.997,6665500.002,14.7750376,60.1263148,6,3
4870006686000,2026A0010,2026,487499.997,6686500.002,14.7737422,60.3148716,8,0
4870006700000,2026A0010,2026,487499.997,6700500.003,14.7728689,60.440573,10,0
4870006701000,2026A0010,2026,487499.997,6701499.999,14.7728063,60.4495516,38,6
4870006705000,2026A0010,2026,487499.997,6705500.0,14.7725552,60.4854658,4,0
4870006708000,2026A0010,2026,487499.997,6708499.999,14.7723664,60.5124014,13,3
4870006709000,2026A0010,2026,487499.997,6709500.001,14.7723034,60.5213799,30,11
4870006738000,2029A0010,2029,487499.997,6738499.998,14.7704587,60.7817507,15,12
4870006754000,2062A0020,2062,487499.997,6754500.001,14.769426,60.9253992,7,0
4870006780000,2034A0010,2034,487499.997,6780499.999,14.7677249,61.1588214,68,8
4870006781000,2034A0010,2034,487499.997,6781500.0,14.7676589,61.167799,26,10
4870006782000,2034A0010,2034,487499.997,6782500.002,14.7675928,61.1767766,36,3
4870006783000,2034A0010,2034,487499.997,6783499.998,14.7675267,61.1857542,30,6
4870006784000,2034A0010,2034,487499.997,6784500.0,14.7674606,61.1947318,4,0
4880006665000,2085A0030,2085,488499.999,6665500.002,14.7930344,60.1263442,6,6
4880006666000,2085A0030,2085,488499.999,6666500.003,14.7929781,60.1353232,3,3
4880006705000,2026A0010,2026,488499.999,6705500.0,14.7907506,60.4854956,3,3
4880006706000,2026A0010,2026,488499.999,6706500.001,14.7906928,60.4944741,107,34
4880006707000,2026A0010,2026,488499.999,6707499.998,14.7906349,60.5034526,211,87
4880006708000,2026A0010,2026,488499.999,6708499.999,14.790577,60.5124312,90,15
4880006709000,2026A0010,2026,488499.999,6709500.001,14.790519,60.5214097,9,6
4880006721000,2029A0010,2029,488499.999,6721499.998,14.7898206,60.6291507,3,0
4880006738000,2029A0010,2029,488499.999,6738499.998,14.7888219,60.7817808,3,0
4880006782000,2034A0010,2034,488499.999,6782500.002,14.7861853,61.1768072,16,10
4880006783000,2034A0010,2034,488499.999,6783499.998,14.7861245,61.1857848,21,6
4890006664000,2085A0030,2085,489500.002,6664500.0,14.8110828,60.117392,6,3
4890006668000,2085A0030,2085,489500.002,6668500.001,14.8108768,60.1533082,18,6
4890006671000,2085A0030,2085,489500.002,6671500.0,14.810722,60.1802451,3,0
4890006707000,2026A0010,2026,489500.002,6707499.998,14.8088405,60.50348,25,11
4890006708000,2026A0010,2026,489500.002,6708499.999,14.8087876,60.5124585,211,55
4890006709000,2026A0010,2026,489500.002,6709500.001,14.8087347,60.521437,3,0
4900006668000,2085A0030,2085,490500.0,6668500.001,14.8288884,60.1533326,3,0
4900006669000,2085A0030,2085,490500.0,6669500.003,14.8288418,60.1623117,4,3
4900006706000,2026A0010,2026,490500.0,6706500.001,14.8270938,60.4945263,48,22
4900006707000,2026A0010,2026,490500.0,6707499.998,14.827046,60.5035048,70,17
4900006708000,2026A0010,2026,490500.0,6708499.999,14.8269982,60.5124833,17,10
4900006712000,2026A0010,2026,490500.0,6712500.0,14.8268065,60.5483973,6,3
4900006722000,2029A0010,2029,490500.0,6722500.0,14.8263251,60.6381815,3,3
4900006723000,2029A0010,2029,490500.0,6723500.001,14.8262767,60.6471598,3,0
4900006738000,2029A0010,2029,490500.0,6738499.998,14.8255483,60.7818335,3,0
4900006739000,2029A0010,2029,490500.0,6739499.999,14.8254995,60.7908117,12,6
4900006752000,2062A0020,2062,490500.0,6752499.998,14.824862,60.9075266,3,0
4900006753000,2062A0020,2062,490500.0,6753500.0,14.8248128,60.9165046,96,45
4900006754000,2062A0020,2062,490500.0,6754500.001,14.8247635,60.9254825,54,18
4900006783000,2034A0010,2034,490500.0,6783499.998,14.82332,61.1858384,8,0
4910006661000,2085A0030,2085,491499.998,6661500.001,14.8471916,60.0905012,3,0
4910006685000,2085A0030,2085,491499.998,6685500.001,14.8461865,60.3059963,3,3
4910006686000,2085A0030,2085,491499.998,6686500.002,14.8461443,60.3149751,4,0
4910006705000,2026A0010,2026,491499.998,6705500.0,14.8453371,60.48557,17,3
4910006706000,2026A0010,2026,491499.998,6706500.001,14.8452944,60.4945486,44,5
4910006710000,2026A0010,2026,491499.998,6710499.997,14.8451231,60.5304627,3,6
4910006734000,2029B2010,2029,491499.998,6734500.002,14.8440859,60.7459434,3,0
4910006735000,2029B2010,2029,491499.998,6735499.998,14.8440424,60.7549216,106,41
4910006736000,2029B2010,2029,491499.998,6736500.0,14.8439988,60.7638998,33,6
4910006737000,2029B2010,2029,491499.998,6737500.001,14.8439552,60.772878,17,9
4910006738000,2029B2010,2029,491499.998,6738499.998,14.8439115,60.7818561,97,30
4910006739000,2029B2010,2029,491499.998,6739499.999,14.8438679,60.7908343,6,0
4910006753000,2062A0020,2062,491499.998,6753500.0,14.8432534,60.9165273,11,0
4910006782000,2034A0010,2034,491499.998,6782500.002,14.8419627,61.1768838,36,14
4910006783000,2034A0010,2034,491499.998,6783499.998,14.8419178,61.1858614,110,22
4910006784000,2034A0010,2034,491499.998,6784500.0,14.8418728,61.194839,4,0
4910006817000,2034A0010,2034,491499.998,6817499.998,14.8403719,61.4910937,9,3
4920006661000,2085A0030,2085,492500.001,6661500.001,14.8651691,60.0905208,3,3
4920006663000,2085A0030,2085,492500.001,6663499.999,14.8650957,60.108479,3,3
4920006665000,2085A0030,2085,492500.001,6665500.002,14.8650222,60.1264371,5,0
4920006672000,2085A0030,2085,492500.001,6672500.002,14.8647643,60.1892903,3,0
4920006686000,2085A0030,2085,492500.001,6686500.002,14.864245,60.3149948,3,0
4920006687000,2085A0030,2085,492500.001,6687499.999,14.8642077,60.3239736,13,0
4920006692000,2085A0040,2085,492500.001,6692500.001,14.864021,60.3688674,7,0
4920006721000,2029A0010,2029,492500.001,6721499.998,14.8629262,60.6292455,10,0
4920006722000,2029A0010,2029,492500.001,6722500.0,14.8628881,60.6382239,5,3
4920006726000,2029A0010,2029,492500.001,6726500.0,14.8627354,60.6741373,6,0
4920006734000,2029B2010,2029,492500.001,6734500.002,14.8624288,60.7459635,93,38
4920006735000,2029B2010,2029,492500.001,6735499.998,14.8623903,60.7549417,15,10
4920006736000,2029B2010,2029,492500.001,6736500.0,14.8623519,60.7639199,27,9
4920006737000,2029B2010,2029,492500.001,6737500.001,14.8623134,60.7728981,259,84
4920006738000,2029B2010,2029,492500.001,6738499.998,14.8622749,60.7818762,370,128
4920006739000,2029B2010,2029,492500.001,6739499.999,14.8622363,60.7908544,4,3
4920006774000,2034A0010,2034,492500.001,6774500.0,14.8608716,61.1050827,4,4
4920006782000,2034A0010,2034,492500.001,6782500.002,14.8605553,61.1769042,26,11
4920006783000,2034A0010,2034,492500.001,6783499.998,14.8605156,61.1858818,137,38
4920006784000,2034A0010,2034,492500.001,6784500.0,14.860476,61.1948595,22,6
4920006812000,2034A0010,2034,492500.001,6812500.0,14.8593542,61.4462281,4,3
4930006659000,2085A0030,2085,493500.003,6659499.998,14.88321,60.0725796,3,6
4930006660000,2085A0030,2085,493500.003,6660499.999,14.8831783,60.0815587,5,3
4930006667000,2085A0030,2085,493500.003,6667500.0,14.8829555,60.1444123,4,0
4930006673000,2085A0030,2085,493500.003,6673499.998,14.8827637,60.1982864,7,0
4930006674000,2085A0030,2085,493500.003,6674500.0,14.8827316,60.2072654,26,10
4930006682000,2085A0030,2085,493500.003,6682500.001,14.8824746,60.2790967,3,3
4930006691000,2085A0040,2085,493500.003,6691500.0,14.8821839,60.3599059,6,5
4930006692000,2085A0040,2085,493500.003,6692500.001,14.8821515,60.3688847,4,0
4930006722000,2029A0010,2029,493500.003,6722500.0,14.8811697,60.6382414,8,11
4930006734000,2029B2010,2029,493500.003,6734500.002,14.8807716,60.745981,63,27
4930006736000,2029B2010,2029,493500.003,6736500.0,14.8807049,60.7639374,13,0
4930006737000,2029B2010,2029,493500.003,6737500.001,14.8806716,60.7729157,270,70
4930006738000,2029B2010,2029,493500.003,6738499.998,14.8806382,60.7818938,7,0
4930006782000,2034A0010,2034,493500.003,6782500.002,14.8791479,61.1769221,6,0
4930006783000,2034A0010,2034,493500.003,6783499.998,14.8791136,61.1858997,15,0
4930006784000,2034A0010,2034,493500.003,6784500.0,14.8790792,61.1948774,7,0
4930006785000,2034A0010,2034,493500.003,6785500.001,14.8790447,61.203855,3,0
4930006812000,2034A0010,2034,493500.003,6812500.0,14.878107,61.4462462,3,3
4940006660000,2085A0030,2085,494500.001,6660499.999,14.9011508,60.0815734,5,6
4940006667000,2085A0030,2085,494500.001,6667500.0,14.9009623,60.144427,11,0
4940006668000,2085A0030,2085,494500.001,6668500.001,14.9009353,60.1534061,3,3
4940006674000,2085A0030,2085,494500.001,6674500.0,14.9007729,60.2072801,3,6
4940006705000,2026A0020,2026,494500.001,6705500.0,14.8999239,60.4856222,4,0
4940006721000,2029A0010,2029,494500.001,6721499.998,14.8994791,60.629278,16,6
4940006722000,2029A0010,2029,494500.001,6722500.0,14.8994512,60.6382564,13,0
4940006734000,2029B2010,2029,494500.001,6734500.002,14.8991144,60.7459961,3,3
4940006737000,2029B2010,2029,494500.001,6737500.001,14.8990297,60.7729307,113,54
4940006738000,2029B2010,2029,494500.001,6738499.998,14.8990015,60.7819089,25,3
4940006739000,2029A0010,2029,494500.001,6739499.999,14.8989732,60.7908871,23,3
4940006740000,2029A0010,2029,494500.001,6740500.001,14.898945,60.7998653,3,3
4940006784000,2034A0010,2034,494500.001,6784500.0,14.8976823,61.1948927,9,3
4940006785000,2034A0010,2034,494500.001,6785500.001,14.8976532,61.2038703,5,7
4950006659000,2085A0030,2085,495500.0,6659499.998,14.9191453,60.0726064,9,6
4950006660000,2085A0030,2085,495500.0,6660499.999,14.9191233,60.0815856,32,3
4950006661000,2085A0030,2085,495500.0,6661500.001,14.9191013,60.0905647,7,3
4950006675000,2085A0030,2085,495500.0,6675500.001,14.9187919,60.2162713,27,5
4950006676000,2085A0030,2085,495500.0,6676499.998,14.9187697,60.2252503,3,0
4950006704000,2026A0020,2026,495500.0,6704499.998,14.9181422,60.4766559,3,3
4950006706000,2026B2010,2026,495500.0,6706500.001,14.9180969,60.4946132,63,9
4950006722000,2029A0010,2029,495500.0,6722500.0,14.9177327,60.6382688,12,3
4950006723000,2029A0010,2029,495500.0,6723500.001,14.9177099,60.6472472,3,0
4950006725000,2029A0010,2029,495500.0,6725499.999,14.917664,60.6652039,19,5
4950006726000,2029A0010,2029,495500.0,6726500.0,14.9176411,60.6741823,9,3
4950006735000,2029A0010,2029,495500.0,6735499.998,14.9174341,60.7549868,12,6
4950006736000,2029B2010,2029,495500.0,6736500.0,14.917411,60.763965,48,20
4950006737000,2029B2010,2029,495500.0,6737500.001,14.9173879,60.7729433,21,8
4950006738000,2029A0010,2029,495500.0,6738499.998,14.9173648,60.7819214,3,3
4950006739000,2029A0010,2029,495500.0,6739499.999,14.9173417,60.7908996,32,20
4950006740000,2029A0010,2029,495500.0,6740500.001,14.9173185,60.7998778,62,39
4950006759000,2031A0010,2031,495500.0,6759499.998,14.9168761,60.9704608,6,3
4950006760000,2031A0010,2031,495500.0,6760500.0,14.9168526,60.9794387,11,3
4950006785000,2034A0010,2034,495500.0,6785500.001,14.9162616,61.2038831,3,3
4950006805000,2034A0010,2034,495500.0,6805500.0,14.9157818,61.3834332,3,0
4960006658000,2085A0030,2085,496499.998,6658500.002,14.9371301,60.063637,4,0
4960006659000,2085A0030,2085,496499.998,6659499.998,14.937113,60.0726162,11,3
4960006660000,2085A0030,2085,496499.998,6660499.999,14.9370959,60.0815953,6,0
4960006669000,2085A0030,2085,496499.998,6669500.003,14.9369415,60.1624072,3,0
4960006674000,2085A0030,2085,496499.998,6674500.0,14.9368554,60.2073022,7,0
4960006675000,2085B3010,2085,496499.998,6675500.001,14.9368381,60.2162812,12,7
4960006676000,2085B3010,2085,496499.998,6676499.998,14.9368208,60.2252601,21,5
4960006677000,2085A0030,2085,496499.998,6677499.999,14.9368036,60.234239,13,7
4960006678000,2085B3010,2085,496499.998,6678500.001,14.9367863,60.243218,5,3
4960006679000,2085B3010,2085,496499.998,6679499.997,14.936769,60.2521969,10,3
4960006680000,2085A0030,2085,496499.998,6680499.999,14.9367517,60.2611758,3,3
4960006681000,2085B3020,2085,496499.998,6681500.0,14.9367343,60.2701547,10,6
4960006682000,2085B3020,2085,496499.998,6682500.001,14.936717,60.2791336,11,3
4960006683000,2085B3020,2085,496499.998,6683500.003,14.9366996,60.2881125,3,0
4960006704000,2026A0020,2026,496499.998,6704499.998,14.9363327,60.4766659,3,0
4960006705000,2026B2010,2026,496499.998,6705500.0,14.9363151,60.4856445,98,24
4960006706000,2026B2010,2026,496499.998,6706500.001,14.9362975,60.4946231,144,55
4960006707000,2026B2010,2026,496499.998,6707499.998,14.9362799,60.5036016,73,20
4960006724000,2029A0010,2029,496499.998,6724499.997,14.9359787,60.6562356,3,0
4960006725000,2029A0010,2029,496499.998,6725499.999,14.9359609,60.6652139,5,5
4960006726000,2029A0010,2029,496499.998,6726500.0,14.935943,60.6741923,4,0
4960006730000,2029A0010,2029,496499.998,6730500.001,14.9358716,60.7101056,4,0
4960006732000,2029C1040,2029,496499.998,6732499.999,14.9358358,60.7280621,37,6
4960006733000,2029C1040,2029,496499.998,6733500.001,14.9358179,60.7370404,23,4
4960006734000,2029C1040,2029,496499.998,6734500.002,14.9358,60.7460186,30,11
4960006735000,2029A0010,2029,496499.998,6735499.998,14.935782,60.7549968,18,6
4960006736000,2029B2010,2029,496499.998,6736500.0,14.9357641,60.7639751,31,11
4960006738000,2029A0010,2029,496499.998,6738499.998,14.9357281,60.7819315,3,0
4960006739000,2029A0010,2029,496499.998,6739499.999,14.9357101,60.7909097,4,0
4960006748000,2031A0010,2031,496499.998,6748500.002,14.9355478,60.8717129,18,9
4960006749000,2031A0010,2031,496499.998,6749499.999,14.9355297,60.8806909,50,12
4960006759000,2031A0010,2031,496499.998,6759499.998,14.935348,60.9704709,3,0
4970006660000,2085A0030,2085,497500.0,6660499.999,14.9550685,60.0816027,3,8
4970006661000,2085A0030,2085,497500.0,6661500.001,14.9550563,60.0905818,5,3
4970006667000,2085A0030,2085,497500.0,6667500.0,14.9549828,60.1444564,3,3
4970006668000,2085A0030,2085,497500.0,6668500.001,14.9549705,60.1534355,13,6
4970006674000,2085B3010,2085,497500.0,6674500.0,14.9548967,60.2073095,27,6
4970006675000,2085B3010,2085,497500.0,6675500.001,14.9548844,60.2162885,195,89
4970006676000,2085B3010,2085,497500.0,6676499.998,14.9548721,60.2252674,30,7
4970006677000,2085B3010,2085,497500.0,6677499.999,14.9548597,60.2342464,12,6
4970006678000,2085B3010,2085,497500.0,6678500.001,14.9548474,60.2432254,56,17
4970006679000,2085B3010,2085,497500.0,6679499.997,14.954835,60.2522042,33,12
4970006680000,2085B3010,2085,497500.0,6680499.999,14.9548226,60.2611832,37,19
4970006681000,2085B3020,2085,497500.0,6681500.0,14.9548103,60.2701621,47,18
4970006682000,2085B3020,2085,497500.0,6682500.001,14.9547979,60.279141,77,37
4970006683000,2085B3020,2085,497500.0,6683500.003,14.9547855,60.2881199,38,3
4970006684000,2085B3020,2085,497500.0,6684499.999,14.9547731,60.2970987,19,4
4970006705000,2026B2010,2026,497500.0,6705500.0,14.9545108,60.4856519,63,18
4970006706000,2026B2010,2026,497500.0,6706500.001,14.9544983,60.4946305,437,137
4970006707000,2026B2010,2026,497500.0,6707499.998,14.9544857,60.5036091,450,91
4970006708000,2026B2010,2026,497500.0,6708499.999,14.9544731,60.5125877,276,87
4970006717000,2029A0010,2029,497500.0,6717500.002,14.9543594,60.5933942,22,6
4970006718000,2029A0010,2029,497500.0,6718499.999,14.9543467,60.6023727,3,0
4970006726000,2029A0010,2029,497500.0,6726500.0,14.9542451,60.6741998,3,3
4970006728000,2029A0010,2029,497500.0,6728499.998,14.9542196,60.6921564,39,20
4970006729000,2029A0010,2029,497500.0,6729500.0,14.9542068,60.7011348,68,21
4970006730000,2029A0010,2029,497500.0,6730500.001,14.954194,60.7101131,12,3
4970006731000,2029C1040,2029,497500.0,6731500.003,14.9541812,60.7190914,70,14
4970006732000,2029C1040,2029,497500.0,6732499.999,14.9541684,60.7280696,196,68
4970006733000,2029C1040,2029,497500.0,6733500.001,14.9541557,60.7370479,68,25
4970006734000,2029C1040,2029,497500.0,6734500.002,14.9541428,60.7460262,26,7
4970006739000,2029C1070,2029,497500.0,6739499.999,14.9540787,60.7909172,5,6
4970006740000,2029C1070,2029,497500.0,6740500.001,14.9540658,60.7998954,6,6
4970006748000,2031A0010,2031,497500.0,6748500.002,14.9539627,60.8717204,9,3
4970006749000,2031A0010,2031,497500.0,6749499.999,14.9539498,60.8806985,38,13
4970006752000,2031A0010,2031,497500.0,6752499.998,14.9539109,60.9076326,15,0
4980006659000,2085B2020,2085,498500.003,6659499.998,14.9730485,60.0726284,409,70
4980006660000,2085B2020,2085,498500.003,6660499.999,14.9730411,60.0816075,407,76
4980006662000,2085A0030,2085,498500.003,6662499.997,14.9730265,60.0995658,3,0
4980006663000,2085A0030,2085,498500.003,6663499.999,14.9730191,60.1085449,3,0
4980006664000,2085A0030,2085,498500.003,6664500.0,14.9730118,60.1175241,10,9
4980006665000,2085A0030,2085,498500.003,6665500.002,14.9730044,60.1265032,4,3
4980006667000,2085A0030,2085,498500.003,6667500.0,14.9729897,60.1444613,80,28
4980006668000,2085A0030,2085,498500.003,6668500.001,14.9729824,60.1534404,164,36
4980006669000,2085A0030,2085,498500.003,6669500.003,14.972975,60.1624194,44,16
4980006670000,2085A0030,2085,498500.003,6670499.999,14.9729676,60.1713984,17,8
4980006671000,2085A0030,2085,498500.003,6671500.0,14.9729602,60.1803775,6,4
4980006672000,2085A0030,2085,498500.003,6672500.002,14.9729529,60.1893565,3,3
4980006673000,2085A0030,2085,498500.003,6673499.998,14.9729455,60.1983354,4,0
4980006674000,2085B3010,2085,498500.003,6674500.0,14.9729381,60.2073144,11,6
4980006675000,2085B3010,2085,498500.003,6675500.001,14.9729307,60.2162934,307,98
4980006676000,2085B3010,2085,498500.003,6676499.998,14.9729233,60.2252724,34,7
4980006679000,2085B3020,2085,498500.003,6679499.997,14.972901,60.2522092,25,14
4980006680000,2085B3020,2085,498500.003,6680499.999,14.9728936,60.2611881,122,42
4980006681000,2085B3020,2085,498500.003,6681500.0,14.9728862,60.270167,16,9
4980006682000,2085B3020,2085,498500.003,6682500.001,14.9728788,60.2791459,182,56
4980006683000,2085B3020,2085,498500.003,6683500.003,14.9728713,60.2881248,330,81
4980006684000,2085B3020,2085,498500.003,6684499.999,14.9728639,60.2971036,84,14
4980006705000,2026B2010,2026,498500.003,6705500.0,14.9727065,60.4856569,31,0
4980006707000,2026B2010,2026,498500.003,6707499.998,14.9726915,60.503614,317,71
4980006708000,2026B2010,2026,498500.003,6708499.999,14.9726839,60.5125926,87,28
4980006709000,2026A0020,2026,498500.003,6709500.001,14.9726763,60.5215712,19,0
4980006717000,2029A0010,2029,498500.003,6717500.002,14.9726157,60.5933992,35,19
4980006718000,2029A0010,2029,498500.003,6718499.999,14.9726081,60.6023776,15,3
4980006719000,2029A0010,2029,498500.003,6719500.0,14.9726005,60.6113561,7,7
4980006723000,2029A0010,2029,498500.003,6723500.001,14.97257,60.6472697,34,7
4980006724000,2029A0010,2029,498500.003,6724499.997,14.9725624,60.6562481,9,3
4980006727000,2029A0010,2029,498500.003,6727499.997,14.9725394,60.6831831,8,0
4980006728000,2029A0010,2029,498500.003,6728499.998,14.9725318,60.6921614,29,9
4980006729000,2029A0010,2029,498500.003,6729500.0,14.9725241,60.7011398,123,29
4980006730000,2029C1040,2029,498500.003,6730500.001,14.9725165,60.7101181,19,3
4980006731000,2029C1040,2029,498500.003,6731500.003,14.9725088,60.7190964,85,17
4980006733000,2029C1060,2029,498500.003,6733500.001,14.9724934,60.7370529,31,14
4980006734000,2029C1060,2029,498500.003,6734500.002,14.9724858,60.7460312,67,11
4980006735000,2029C1060,2029,498500.003,6735499.998,14.9724781,60.7550094,6,0
4980006736000,2029C1070,2029,498500.003,6736500.0,14.9724704,60.7639876,73,3
4980006737000,2029C1070,2029,498500.003,6737500.001,14.9724627,60.7729659,70,23
4980006738000,2029C1070,2029,498500.003,6738499.998,14.972455,60.781944,42,19
4980006739000,2029C1070,2029,498500.003,6739499.999,14.9724473,60.7909222,104,33
4980006740000,2029C1070,2029,498500.003,6740500.001,14.9724396,60.7999004,58,28
4980006741000,2029C1070,2029,498500.003,6741499.997,14.9724318,60.8088786,9,0
4980006742000,2029C1070,2029,498500.003,6742499.999,14.9724241,60.8178567,28,3
4980006743000,2029C1070,2029,498500.003,6743500.0,14.9724164,60.8268349,9,3
4980006750000,2031A0010,2031,498500.003,6750500.0,14.9723622,60.8896816,7,7
4980006753000,2031A0010,2031,498500.003,6753500.0,14.9723388,60.9166157,22,4
4980006754000,2031A0010,2031,498500.003,6754500.001,14.972331,60.9255937,41,14
4980006755000,2031A0010,2031,498500.003,6755499.998,14.9723233,60.9345717,15,3
4980006756000,2031A0010,2031,498500.003,6756499.999,14.9723155,60.9435497,91,28
4980006757000,2031A0010,2031,498500.003,6757500.0,14.9723077,60.9525277,29,6
4980006784000,2034A0010,2034,498500.003,6784500.0,14.9720952,61.1949284,17,7
4990006658000,2085A0030,2085,499500.001,6658500.002,14.9910186,60.0636517,25,12
4990006659000,2085B2020,2085,499500.001,6659499.998,14.9910162,60.0726308,91,10
4990006660000,2085B2020,2085,499500.001,6660499.999,14.9910137,60.08161,93,16
4990006661000,2085B2020,2085,499500.001,6661500.001,14.9910113,60.0905891,27,11
4990006662000,2085A0030,2085,499500.001,6662499.997,14.9910088,60.0995682,15,6
4990006664000,2085A0030,2085,499500.001,6664500.0,14.9910039,60.1175265,3,0
4990006665000,2085A0030,2085,499500.001,6665500.002,14.9910015,60.1265056,4,3
4990006666000,2085A0030,2085,499500.001,6666500.003,14.990999,60.1354847,17,4
4990006667000,2085A0030,2085,499500.001,6667500.0,14.9909966,60.1444637,215,51
4990006668000,2085A0030,2085,499500.001,6668500.001,14.9909941,60.1534428,36,14
4990006670000,2085A0030,2085,499500.001,6670499.999,14.9909892,60.1714009,3,0
4990006674000,2085A0040,2085,499500.001,6674500.0,14.9909794,60.2073169,4,0
4990006675000,2085B3010,2085,499500.001,6675500.001,14.9909769,60.2162959,23,17
4990006676000,2085A0040,2085,499500.001,6676499.998,14.9909744,60.2252748,4,3
4990006677000,2085A0040,2085,499500.001,6677499.999,14.990972,60.2342538,14,9
4990006680000,2085B3020,2085,499500.001,6680499.999,14.9909645,60.2611905,60,16
4990006681000,2085B3020,2085,499500.001,6681500.0,14.9909621,60.2701695,106,27
4990006682000,2085B3020,2085,499500.001,6682500.001,14.9909596,60.2791484,39,19
4990006683000,2085A0040,2085,499500.001,6683500.003,14.9909571,60.2881272,4,0
4990006696000,2026A0020,2026,499500.001,6696499.997,14.9909247,60.4048514,3,6
4990006697000,2026A0020,2026,499500.001,6697499.998,14.9909222,60.4138302,3,0
4990006702000,2026A0020,2026,499500.001,6702500.001,14.9909097,60.4587235,3,0
4990006708000,2026B2010,2026,499500.001,6708499.999,14.9908946,60.5125951,6,3
4990006709000,2026A0020,2026,499500.001,6709500.001,14.9908921,60.5215737,40,8
4990006717000,2029A0010,2029,499500.001,6717500.002,14.9908719,60.5934017,7,3
4990006718000,2029A0010,2029,499500.001,6718499.999,14.9908694,60.6023801,19,6
4990006719000,2029A0010,2029,499500.001,6719500.0,14.9908668,60.6113586,57,23
4990006723000,2029A0010,2029,499500.001,6723500.001,14.9908567,60.6472722,10,3
4990006728000,2029A0010,2029,499500.001,6728499.998,14.9908439,60.6921639,15,0
4990006729000,2029A0010,2029,499500.001,6729500.0,14.9908414,60.7011423,68,20
4990006730000,2029C1030,2029,499500.001,6730500.001,14.9908388,60.7101206,94,20
4990006731000,2029C1040,2029,499500.001,6731500.003,14.9908363,60.7190989,697,164
4990006732000,2029C1040,2029,499500.001,6732499.999,14.9908337,60.7280771,578,182
4990006733000,2029C1060,2029,499500.001,6733500.001,14.9908311,60.7370554,1666,499
4990006734000,2029C1060,2029,499500.001,6734500.002,14.9908286,60.7460337,610,127
4990006738000,2029A0020,2029,499500.001,6738499.998,14.9908183,60.7819465,9,9
4990006739000,2029C1070,2029,499500.001,6739499.999,14.9908158,60.7909248,3,0
4990006742000,2029C1070,2029,499500.001,6742499.999,14.990808,60.8178593,110,32
4990006743000,2029C1070,2029,499500.001,6743500.0,14.9908055,60.8268374,174,65
4990006744000,2029C1070,2029,499500.001,6744500.002,14.9908029,60.8358156,102,51
4990006745000,2029C1070,2029,499500.001,6745500.003,14.9908003,60.8447937,8,0
4990006750000,2031A0010,2031,499500.001,6750500.0,14.9907874,60.8896841,3,3
4990006751000,2031C1040,2031,499500.001,6751500.002,14.9907848,60.8986622,14,7
4990006752000,2031C1040,2031,499500.001,6752499.998,14.9907822,60.9076402,79,21
4990006753000,2031C1040,2031,499500.001,6753500.0,14.9907796,60.9166182,49,10
4990006754000,2031A0010,2031,499500.001,6754500.001,14.990777,60.9255962,12,6
4990006755000,2031A0010,2031,499500.001,6755499.998,14.9907744,60.9345742,10,3
4990006756000,2031A0010,2031,499500.001,6756499.999,14.9907718,60.9435522,60,21
5000006658000,2085B2010,2085,500499.999,6658500.002,15.0089814,60.0636517,67,12
5000006659000,2085B2010,2085,500499.999,6659499.998,15.0089838,60.0726308,1035,284
5000006660000,2085B2020,2085,500499.999,6660499.999,15.0089863,60.08161,58,3
5000006661000,2085B2030,2085,500499.999,6661500.001,15.0089887,60.0905891,326,137
5000006662000,2085B2030,2085,500499.999,6662499.997,15.0089912,60.0995682,350,84
5000006664000,2085A0030,2085,500499.999,6664500.0,15.0089961,60.1175265,8,0
5000006665000,2085A0030,2085,500499.999,6665500.002,15.0089985,60.1265056,6,0
5000006666000,2085A0030,2085,500499.999,6666500.003,15.009001,60.1354847,18,0
5000006667000,2085A0030,2085,500499.999,6667500.0,15.0090034,60.1444637,28,0
5000006668000,2085A0030,2085,500499.999,6668500.001,15.0090059,60.1534428,8,0
5000006674000,2085A0040,2085,500499.999,6674500.0,15.0090206,60.2073169,9,6
5000006675000,2085A0040,2085,500499.999,6675500.001,15.0090231,60.2162959,12,9
5000006677000,2085A0040,2085,500499.999,6677499.999,15.009028,60.2342538,13,10
5000006678000,2085A0040,2085,500499.999,6678500.001,15.0090305,60.2432327,22,6
5000006681000,2085A0040,2085,500499.999,6681500.0,15.0090379,60.2701695,40,3
5000006682000,2085A0040,2085,500499.999,6682500.001,15.0090404,60.2791484,42,9
5000006683000,2085A0040,2085,500499.999,6683500.003,15.0090429,60.2881272,89,32
5000006684000,2085A0040,2085,500499.999,6684499.999,15.0090454,60.2971061,19,0
5000006685000,2085A0040,2085,500499.999,6685500.001,15.0090479,60.3060849,11,0
5000006696000,2026A0020,2026,500499.999,6696499.997,15.0090753,60.4048514,3,3
5000006707000,2026A0020,2026,500499.999,6707499.998,15.0091028,60.5036165,21,9
5000006708000,2026A0020,2026,500499.999,6708499.999,15.0091054,60.5125951,31,9
5000006716000,2026A0020,2026,500499.999,6716500.001,15.0091256,60.5844232,38,11
5000006717000,2026B3010,2026,500499.999,6717500.002,15.0091281,60.5934017,3,0
5000006718000,2029A0010,2029,500499.999,6718499.999,15.0091306,60.6023801,42,14
5000006719000,2029A0010,2029,500499.999,6719500.0,15.0091332,60.6113586,215,59
5000006720000,2029A0010,2029,500499.999,6720500.002,15.0091357,60.620337,87,17
5000006721000,2029A0010,2029,500499.999,6721499.998,15.0091383,60.6293154,3,0
5000006722000,2029A0010,2029,500499.999,6722500.0,15.0091408,60.6382938,67,26
5000006723000,2029A0010,2029,500499.999,6723500.001,15.0091433,60.6472722,4,0
5000006730000,2029C1030,2029,500499.999,6730500.001,15.0091612,60.7101206,102,32
5000006731000,2029C1040,2029,500499.999,6731500.003,15.0091637,60.7190989,641,184
5000006732000,2029C1040,2029,500499.999,6732499.999,15.0091663,60.7280771,754,327
5000006733000,2029C1050,2029,500499.999,6733500.001,15.0091689,60.7370554,220,66
5000006734000,2029C1050,2029,500499.999,6734500.002,15.0091714,60.7460337,74,16
5000006735000,2029C1050,2029,500499.999,6735499.998,15.009174,60.7550119,39,12
5000006741000,2029C1070,2029,500499.999,6741499.997,15.0091894,60.8088811,18,7
5000006742000,2029C1070,2029,500499.999,6742499.999,15.009192,60.8178593,134,64
5000006743000,2029C1070,2029,500499.999,6743500.0,15.0091945,60.8268374,15,6
5000006744000,2029C1070,2029,500499.999,6744500.002,15.0091971,60.8358156,79,37
5000006745000,2029C1070,2029,500499.999,6745500.003,15.0091997,60.8447937,7,0
5000006751000,2031C1040,2031,500499.999,6751500.002,15.0092152,60.8986622,10,3
5000006752000,2031C1040,2031,500499.999,6752499.998,15.0092178,60.9076402,225,68
5000006753000,2031C1040,2031,500499.999,6753500.0,15.0092204,60.9166182,122,45
5010006656000,2085B2010,2085,501499.997,6656499.999,15.0269296,60.0456908,8,3
5010006657000,2085B2010,2085,501499.997,6657500.0,15.0269369,60.0546701,94,32
5010006658000,2085A0010,2085,501499.997,6658500.002,15.0269442,60.0636492,4,3
5010006659000,2085B2010,2085,501499.997,6659499.998,15.0269515,60.0726284,97,21
5010006660000,2085B2030,2085,501499.997,6660499.999,15.0269589,60.0816075,177,63
5010006661000,2085B2030,2085,501499.997,6661500.001,15.0269662,60.0905867,93,38
5010006662000,2085B2030,2085,501499.997,6662499.997,15.0269735,60.0995658,35,3
5010006671000,2085A0030,2085,501499.997,6671500.0,15.0270398,60.1803775,6,0
5010006677000,2085A0040,2085,501499.997,6677499.999,15.0270841,60.2342513,14,7
5010006680000,2085A0040,2085,501499.997,6680499.999,15.0271064,60.2611881,46,10
5010006681000,2085A0040,2085,501499.997,6681500.0,15.0271138,60.270167,3,0
5010006683000,2085A0040,2085,501499.997,6683500.003,15.0271287,60.2881248,35,10
5010006706000,2026A0020,2026,501499.997,6706500.001,15.027301,60.4946355,6,0
5010006707000,2026A0020,2026,501499.997,6707499.998,15.0273085,60.503614,107,28
5010006708000,2026A0020,2026,501499.997,6708499.999,15.0273161,60.5125926,6,3
5010006709000,2026A0020,2026,501499.997,6709500.001,15.0273237,60.5215712,31,7
5010006710000,2026A0020,2026,501499.997,6710499.997,15.0273312,60.5305497,48,16
5010006711000,2026A0020,2026,501499.997,6711499.999,15.0273388,60.5395283,3,3
5010006716000,2026A0020,2026,501499.997,6716500.001,15.0273767,60.5844208,15,8
5010006717000,2026A0020,2026,501499.997,6717500.002,15.0273843,60.5933992,63,30
5010006718000,2026B3010,2026,501499.997,6718499.999,15.0273919,60.6023776,16,3
5010006719000,2029A0010,2029,501499.997,6719500.0,15.0273995,60.6113561,34,15
5010006721000,2029A0010,2029,501499.997,6721499.998,15.0274148,60.6293129,14,9
5010006722000,2029A0010,2029,501499.997,6722500.0,15.0274224,60.6382913,13,12
5010006729000,2029C1030,2029,501499.997,6729500.0,15.0274759,60.7011398,64,27
5010006730000,2029C1030,2029,501499.997,6730500.001,15.0274835,60.7101181,79,20
5010006731000,2029C1030,2029,501499.997,6731500.003,15.0274912,60.7190964,4,0
5010006732000,2029C1050,2029,501499.997,6732499.999,15.0274989,60.7280746,234,64
5010006733000,2029C1050,2029,501499.997,6733500.001,15.0275066,60.7370529,275,95
5010006734000,2029C1050,2029,501499.997,6734500.002,15.0275142,60.7460312,30,3
5010006735000,2029C1050,2029,501499.997,6735499.998,15.0275219,60.7550094,32,0
5010006736000,2029A0020,2029,501499.997,6736500.0,15.0275296,60.7639876,17,3
5010006738000,2029A0020,2029,501499.997,6738499.998,15.027545,60.781944,70,27
5010006739000,2029A0020,2029,501499.997,6739499.999,15.0275527,60.7909222,7,0
5010006740000,2029C1070,2029,501499.997,6740500.001,15.0275604,60.7999004,19,6
5010006741000,2029C1070,2029,501499.997,6741499.997,15.0275682,60.8088786,65,31
5010006742000,2029C1070,2029,501499.997,6742499.999,15.0275759,60.8178567,119,43
5010006743000,2029C1070,2029,501499.997,6743500.0,15.0275836,60.8268349,7,3
5010006744000,2029C1070,2029,501499.997,6744500.002,15.0275913,60.835813,36,18
5010006752000,2031C1040,2031,501499.997,6752499.998,15.0276534,60.9076376,365,119
5010006753000,2031C1040,2031,501499.997,6753500.0,15.0276612,60.9166157,261,71
5010006754000,2031C1040,2031,501499.997,6754500.001,15.027669,60.9255937,12,3
5010006755000,2031A0010,2031,501499.997,6755499.998,15.0276767,60.9345717,10,0
5010006778000,2034A0010,2034,501499.997,6778500.001,15.0278573,61.1410624,6,6
5010006806000,2034A0010,2034,501499.997,6806500.002,15.0280807,61.3924337,3,3
5020006656000,2085A0010,2085,502500.0,6656499.999,15.0448827,60.045686,4,3
5020006657000,2085A0010,2085,502500.0,6657500.0,15.0448949,60.0546652,7,3
5020006658000,2085A0010,2085,502500.0,6658500.002,15.0449071,60.0636444,8,3
5020006665000,2085A0010,2085,502500.0,6665500.002,15.0449927,60.1264983,48,3
5020006666000,2085A0010,2085,502500.0,6666500.003,15.0450049,60.1354774,23,14
5020006702000,2026A0020,2026,502500.0,6702500.001,15.0454515,60.4587161,3,0
5020006706000,2026A0020,2026,502500.0,6706500.001,15.0455017,60.4946305,10,0
5020006709000,2026A0020,2026,502500.0,6709500.001,15.0455395,60.5215662,15,4
5020006710000,2026A0020,2026,502500.0,6710499.997,15.0455521,60.5305447,3,0
5020006711000,2026A0020,2026,502500.0,6711499.999,15.0455647,60.5395233,9,0
5020006716000,2026A0020,2026,502500.0,6716500.001,15.0456279,60.5844158,18,6
5020006717000,2026B3010,2026,502500.0,6717500.002,15.0456406,60.5933942,42,6
5020006718000,2026B3010,2026,502500.0,6718499.999,15.0456533,60.6023727,76,23
5020006719000,2026B3010,2026,502500.0,6719500.0,15.045666,60.6113511,58,16
5020006720000,2026A0020,2026,502500.0,6720500.002,15.0456786,60.6203295,58,13
5020006721000,2029A0010,2029,502500.0,6721499.998,15.0456913,60.6293079,57,21
5020006722000,2029A0010,2029,502500.0,6722500.0,15.045704,60.6382863,32,3
5020006723000,2029A0010,2029,502500.0,6723500.001,15.0457168,60.6472647,4,0
5020006724000,2029A0010,2029,502500.0,6724499.997,15.0457295,60.6562431,4,0
5020006727000,2029C1030,2029,502500.0,6727499.997,15.0457677,60.6831781,71,32
5020006728000,2029C1030,2029,502500.0,6728499.998,15.0457804,60.6921564,224,52
5020006729000,2029C1030,2029,502500.0,6729500.0,15.0457932,60.7011348,247,48
5020006730000,2029C1030,2029,502500.0,6730500.001,15.045806,60.7101131,24,6
5020006731000,2029C1050,2029,502500.0,6731500.003,15.0458188,60.7190914,78,16
5020006732000,2029C1050,2029,502500.0,6732499.999,15.0458316,60.7280696,6,0
5020006735000,2029A0020,2029,502500.0,6735499.998,15.04587,60.7550044,20,6
5020006737000,2029A0020,2029,502500.0,6737500.001,15.0458956,60.7729608,6,0
5020006738000,2029A0020,2029,502500.0,6738499.998,15.0459085,60.781939,40,17
5020006739000,2029A0020,2029,502500.0,6739499.999,15.0459213,60.7909172,70,17
5020006740000,2029A0020,2029,502500.0,6740500.001,15.0459342,60.7998954,32,12
5020006741000,2029C1070,2029,502500.0,6741499.997,15.045947,60.8088735,12,3
5020006743000,2029A0020,2029,502500.0,6743500.0,15.0459728,60.8268299,7,0
5020006744000,2029A0020,2029,502500.0,6744500.002,15.0459857,60.835808,3,0
5020006751000,2031C1020,2031,502500.0,6751500.002,15.0460761,60.8986546,4,3
5020006752000,2031C1040,2031,502500.0,6752499.998,15.0460891,60.9076326,16,3
5020006753000,2031C1040,2031,502500.0,6753500.0,15.046102,60.9166106,111,53
5020006755000,2031A0010,2031,502500.0,6755499.998,15.046128,60.9345666,6,0
5020006760000,2031A0010,2031,502500.0,6760500.0,15.046193,60.9794564,3,0
5030006656000,2085A0010,2085,503500.002,6656499.999,15.0628358,60.0456787,8,4
5030006665000,2085A0010,2085,503500.002,6665500.002,15.0629898,60.1264909,205,46
5030006666000,2085A0010,2085,503500.002,6666500.003,15.0630069,60.13547,30,9
5030006667000,2085A0010,2085,503500.002,6667500.0,15.0630241,60.1444491,6,7
5030006668000,2085A0010,2085,503500.002,6668500.001,15.0630413,60.1534281,25,9
5030006669000,2085A0010,2085,503500.002,6669500.003,15.0630585,60.1624072,5,0
5030006670000,2085A0030,2085,503500.002,6670499.999,15.0630757,60.1713862,5,0
5030006675000,2085A0040,2085,503500.002,6675500.001,15.0631619,60.2162812,3,0
5030006680000,2085A0040,2085,503500.002,6680499.999,15.0632483,60.2611758,8,3
5030006682000,2085A0040,2085,503500.002,6682500.001,15.063283,60.2791336,17,0
5030006687000,2085A0040,2085,503500.002,6687499.999,15.0633699,60.3240278,12,3
5030006692000,2085A0040,2085,503500.002,6692500.001,15.063457,60.3689217,4,0
5030006710000,2026A0020,2026,503500.002,6710499.997,15.063773,60.5305373,29,21
5030006711000,2026A0020,2026,503500.002,6711499.999,15.0637907,60.5395158,42,18
5030006715000,2026A0020,2026,503500.002,6715499.999,15.0638614,60.5754298,83,28
5030006716000,2026B3010,2026,503500.002,6716500.001,15.0638791,60.5844083,56,16
5030006717000,2026B3010,2026,503500.002,6717500.002,15.0638969,60.5933868,299,107
5030006718000,2026B3010,2026,503500.002,6718499.999,15.0639146,60.6023652,186,48
5030006719000,2026B3010,2026,503500.002,6719500.0,15.0639324,60.6113436,53,22
5030006720000,2026A0020,2026,503500.002,6720500.002,15.0639501,60.6203221,12,4
5030006721000,2026A0020,2026,503500.002,6721499.998,15.0639679,60.6293004,13,3
5030006722000,2029A0020,2029,503500.002,6722500.0,15.0639857,60.6382788,5,3
5030006725000,2029A0010,2029,503500.002,6725499.999,15.0640391,60.6652139,4,3
5030006727000,2029C1030,2029,503500.002,6727499.997,15.0640748,60.6831706,38,15
5030006728000,2029C1030,2029,503500.002,6728499.998,15.0640927,60.6921489,21,3
5030006729000,2029C1030,2029,503500.002,6729500.0,15.0641105,60.7011273,59,20
5030006730000,2029C1050,2029,503500.002,6730500.001,15.0641284,60.7101056,37,13
5030006731000,2029C1050,2029,503500.002,6731500.003,15.0641463,60.7190839,81,29
5030006734000,2029A0020,2029,503500.002,6734500.002,15.0642,60.7460186,3,3
5030006735000,2029A0020,2029,503500.002,6735499.998,15.064218,60.7549968,9,3
5030006737000,2029A0020,2029,503500.002,6737500.001,15.0642539,60.7729533,22,8
5030006738000,2029A0020,2029,503500.002,6738499.998,15.0642719,60.7819315,55,19
5030006740000,2029A0020,2029,503500.002,6740500.001,15.0643078,60.7998879,76,17
5030006741000,2029A0020,2029,503500.002,6741499.997,15.0643259,60.808866,32,6
5030006742000,2029A0020,2029,503500.002,6742499.999,15.0643439,60.8178442,37,14
5030006743000,2029A0020,2029,503500.002,6743500.0,15.0643619,60.8268223,4,0
5030006744000,2029A0020,2029,503500.002,6744500.002,15.0643799,60.8358005,5,3
5030006746000,2031A0010,2031,503500.002,6746499.999,15.0644161,60.8537567,14,3
5030006751000,2031C1020,2031,503500.002,6751500.002,15.0645066,60.898647,88,32
5030006752000,2031C1040,2031,503500.002,6752499.998,15.0645247,60.907625,12,7
5030006753000,2031C1040,2031,503500.002,6753500.0,15.0645429,60.916603,78,25
5030006754000,2031C1040,2031,503500.002,6754500.001,15.064561,60.9255811,16,3
5040006656000,2085A0010,2085,504500.0,6656499.999,15.0807888,60.0456689,7,0
5040006658000,2085A0010,2085,504500.0,6658500.002,15.0808327,60.0636273,3,0
5040006662000,2085A0010,2085,504500.0,6662499.997,15.0809207,60.0995438,6,0
5040006663000,2085A0010,2085,504500.0,6663499.999,15.0809427,60.1085229,5,0
5040006665000,2085A0010,2085,504500.0,6665500.002,15.0809868,60.1264812,32,13
5040006666000,2085A0010,2085,504500.0,6666500.003,15.0810089,60.1354602,42,13
5040006667000,2085A0010,2085,504500.0,6667500.0,15.0810309,60.1444393,60,27
5040006668000,2085A0010,2085,504500.0,6668500.001,15.081053,60.1534183,33,12
5040006669000,2085A0010,2085,504500.0,6669500.003,15.0810751,60.1623974,64,16
5040006671000,2085A0010,2085,504500.0,6671500.0,15.0811194,60.1803554,4,0
5040006672000,2085A0040,2085,504500.0,6672500.002,15.0811415,60.1893344,18,0
5040006673000,2085A0040,2085,504500.0,6673499.998,15.0811637,60.1983134,22,9
5040006682000,2085A0040,2085,504500.0,6682500.001,15.0813638,60.2791237,4,0
5040006686000,2085A0040,2085,504500.0,6686500.002,15.0814531,60.3150391,3,0
5040006687000,2085A0040,2085,504500.0,6687499.999,15.0814755,60.3240179,11,0
5040006710000,2026A0020,2026,504500.0,6710499.997,15.0819938,60.5305273,97,25
5040006711000,2026A0020,2026,504500.0,6711499.999,15.0820165,60.5395059,51,5
5040006712000,2026A0020,2026,504500.0,6712500.0,15.0820392,60.5484844,34,8
5040006713000,2026A0020,2026,504500.0,6713500.001,15.082062,60.5574629,45,9
5040006714000,2026A0020,2026,504500.0,6714500.003,15.0820847,60.5664414,80,9
5040006715000,2026A0020,2026,504500.0,6715499.999,15.0821075,60.5754199,64,13
5040006716000,2026B3010,2026,504500.0,6716500.001,15.0821303,60.5843983,37,0
5040006717000,2026B3010,2026,504500.0,6717500.002,15.0821531,60.5933768,265,47
5040006718000,2026B3010,2026,504500.0,6718499.999,15.0821759,60.6023552,169,53
5040006719000,2026B3010,2026,504500.0,6719500.0,15.0821987,60.6113336,28,14
5040006726000,2029C1010,2029,504500.0,6726500.0,15.0823589,60.6741823,243,61
5040006727000,2029C1010,2029,504500.0,6727499.997,15.0823818,60.6831606,327,61
5040006730000,2029C1050,2029,504500.0,6730500.001,15.0824508,60.7100956,3,3
5040006731000,2029C1050,2029,504500.0,6731500.003,15.0824738,60.7190738,80,24
5040006736000,2029A0020,2029,504500.0,6736500.0,15.082589,60.763965,13,11
5040006737000,2029A0020,2029,504500.0,6737500.001,15.0826121,60.7729433,18,6
5040006738000,2029A0020,2029,504500.0,6738499.998,15.0826352,60.7819214,4,0
5040006740000,2029A0020,2029,504500.0,6740500.001,15.0826815,60.7998778,9,3
5040006741000,2029A0020,2029,504500.0,6741499.997,15.0827046,60.8088559,33,6
5040006743000,2029A0020,2029,504500.0,6743500.0,15.082751,60.8268123,14,3
5040006744000,2029A0020,2029,504500.0,6744500.002,15.0827742,60.8357904,15,4
5040006746000,2031A0010,2031,504500.0,6746499.999,15.0828206,60.8537466,24,6
5040006747000,2031A0010,2031,504500.0,6747500.001,15.0828438,60.8627247,33,7
5040006751000,2031C1020,2031,504500.0,6751500.002,15.082937,60.8986369,79,33
5040006752000,2031C1030,2031,504500.0,6752499.998,15.0829603,60.9076149,5,7
5040006753000,2031C1040,2031,504500.0,6753500.0,15.0829836,60.9165929,37,12
5040006754000,2031C1030,2031,504500.0,6754500.001,15.083007,60.925571,95,39
5040006755000,2031C1030,2031,504500.0,6755499.998,15.0830303,60.9345489,62,21
5040006783000,2031A0020,2031,504500.0,6783499.998,15.0836907,61.1859278,13,16
5040006784000,2031A0020,2031,504500.0,6784500.0,15.0837145,61.1949054,3,3
5050006656000,2085A0010,2085,505499.999,6656499.999,15.0987418,60.0456567,3,0
5050006662000,2085A0010,2085,505499.999,6662499.997,15.098903,60.0995316,60,12
5050006663000,2085A0010,2085,505499.999,6663499.999,15.0989299,60.1085107,13,3
5050006664000,2085A0010,2085,505499.999,6664500.0,15.0989568,60.1174898,9,0
5050006666000,2085A0010,2085,505499.999,6666500.003,15.0990108,60.135448,4,0
5050006667000,2085A0010,2085,505499.999,6667500.0,15.0990377,60.144427,124,37
5050006668000,2085A0010,2085,505499.999,6668500.001,15.0990647,60.1534061,96,21
5050006669000,2085A0010,2085,505499.999,6669500.003,15.0990918,60.1623851,24,0
5050006672000,2085A0040,2085,505499.999,6672500.002,15.0991729,60.1893222,3,0
5050006673000,2085A0040,2085,505499.999,6673499.998,15.0992,60.1983011,27,15
5050006674000,2085A0040,2085,505499.999,6674500.0,15.0992271,60.2072801,15,8
5050006675000,2085A0040,2085,505499.999,6675500.001,15.0992542,60.2162591,10,3
5050006682000,2085A0040,2085,505499.999,6682500.001,15.0994446,60.2791114,9,0
5050006686000,2085A0040,2085,505499.999,6686500.002,15.0995538,60.3150268,3,0
5050006688000,2085A0040,2085,505499.999,6688500.0,15.0996084,60.3329844,24,0
5050006710000,2026A0020,2026,505499.999,6710499.997,15.1002146,60.5305149,11,5
5050006711000,2026A0020,2026,505499.999,6711499.999,15.1002423,60.5394934,54,16
5050006712000,2026A0020,2026,505499.999,6712500.0,15.1002701,60.548472,25,3
5050006713000,2026C1020,2026,505499.999,6713500.001,15.1002979,60.5574505,7,0
5050006714000,2026A0020,2026,505499.999,6714500.003,15.1003257,60.566429,76,22
5050006716000,2026B3010,2026,505499.999,6716500.001,15.1003814,60.5843859,59,14
5050006717000,2026B3010,2026,505499.999,6717500.002,15.1004092,60.5933643,40,8
5050006718000,2026B3010,2026,505499.999,6718499.999,15.1004371,60.6023427,36,11
5050006719000,2026A0020,2026,505499.999,6719500.0,15.100465,60.6113212,13,9
5050006725000,2029C1020,2029,505499.999,6725499.999,15.1006328,60.6651914,234,80
5050006726000,2029C1020,2029,505499.999,6726500.0,15.1006608,60.6741698,628,125
5050006727000,2029C1020,2029,505499.999,6727499.997,15.1006888,60.6831481,685,166
5050006730000,2029C1050,2029,505499.999,6730500.001,15.1007731,60.710083,22,0
5050006731000,2029C1050,2029,505499.999,6731500.003,15.1008012,60.7190613,3,3
5050006738000,2029A0020,2029,505499.999,6738499.998,15.1009985,60.7819089,6,0
5050006743000,2029A0020,2029,505499.999,6743500.0,15.10114,60.8267997,30,7
5050006744000,2031C1010,2031,505499.999,6744500.002,15.1011683,60.8357778,68,13
5050006745000,2031C1010,2031,505499.999,6745500.003,15.1011967,60.8447559,104,24
5050006746000,2031C1010,2031,505499.999,6746499.999,15.1012251,60.853734,49,16
5050006747000,2031C1010,2031,505499.999,6747500.001,15.1012535,60.8627121,166,63
5050006748000,2031C1010,2031,505499.999,6748500.002,15.1012819,60.8716902,249,84
5050006750000,2031C1020,2031,505499.999,6750500.0,15.1013388,60.8896463,42,3
5050006751000,2031C1030,2031,505499.999,6751500.002,15.1013673,60.8986243,10,0
5050006752000,2031C1030,2031,505499.999,6752499.998,15.1013958,60.9076023,12,0
5050006753000,2031C1030,2031,505499.999,6753500.0,15.1014243,60.9165803,82,35
5050006754000,2031C1030,2031,505499.999,6754500.001,15.1014529,60.9255583,48,14
5050006755000,2031C1030,2031,505499.999,6755499.998,15.1014814,60.9345363,3,3
5050006781000,2031A0020,2031,505499.999,6781500.0,15.1022304,61.1679597,3,0
5050006783000,2031A0020,2031,505499.999,6783499.998,15.1022886,61.185915,51,11
5050006784000,2031A0020,2031,505499.999,6784500.0,15.1023177,61.1948927,8,7
5060006656000,2085A0010,2085,506499.997,6656499.999,15.1166948,60.0456421,5,3
5060006658000,2085A0010,2085,506499.997,6658500.002,15.1167582,60.0636005,3,0
5060006662000,2085A0010,2085,506499.997,6662499.997,15.1168853,60.0995169,5,6
5060006663000,2085A0010,2085,506499.997,6663499.999,15.1169171,60.1084961,3,0
5060006664000,2085A0010,2085,506499.997,6664500.0,15.1169489,60.1174752,56,10
5060006665000,2085A0010,2085,506499.997,6665500.002,15.1169808,60.1264543,8,0
5060006667000,2085A0010,2085,506499.997,6667500.0,15.1170445,60.1444123,32,6
5060006668000,2085A0010,2085,506499.997,6668500.001,15.1170765,60.1533914,11,13
5060006673000,2085A0040,2085,506499.997,6673499.998,15.1172363,60.1982864,21,10
5060006674000,2085A0040,2085,506499.997,6674500.0,15.1172684,60.2072654,55,19
5060006675000,2085A0040,2085,506499.997,6675500.001,15.1173004,60.2162443,3,0
5060006684000,2085A0040,2085,506499.997,6684499.999,15.1175898,60.2970544,8,6
5060006685000,2085A0040,2085,506499.997,6685500.001,15.1176221,60.3060332,9,7
5060006689000,2085A0040,2085,506499.997,6689500.002,15.1177513,60.3419484,4,0
5060006711000,2026A0020,2026,506499.997,6711499.999,15.1184681,60.5394785,58,20
5060006712000,2026C1020,2026,506499.997,6712500.0,15.118501,60.548457,60,9
5060006713000,2026C1020,2026,506499.997,6713500.001,15.1185338,60.5574355,552,168
5060006714000,2026C1020,2026,506499.997,6714500.003,15.1185667,60.566414,299,102
5060006715000,2026A0020,2026,506499.997,6715499.999,15.1185995,60.5753925,24,0
5060006716000,2026B3010,2026,506499.997,6716500.001,15.1186325,60.5843709,44,6
5060006724000,2029A0020,2029,506499.997,6724499.997,15.1188965,60.6561981,36,4
5060006725000,2029A0020,2029,506499.997,6725499.999,15.1189296,60.6651764,9,12
5060006726000,2029C1020,2029,506499.997,6726500.0,15.1189627,60.6741548,99,42
5060006727000,2029C1020,2029,506499.997,6727499.997,15.1189958,60.6831331,98,18
5060006729000,2029A0020,2029,506499.997,6729500.0,15.1190622,60.7010897,60,15
5060006730000,2029A0020,2029,506499.997,6730500.001,15.1190954,60.710068,10,10
5060006732000,2029A0020,2029,506499.997,6732499.999,15.1191619,60.7280245,10,6
5060006739000,2029A0020,2029,506499.997,6739499.999,15.1193952,60.790872,5,3
5060006740000,2029A0020,2029,506499.997,6740500.001,15.1194286,60.7998502,30,10
5060006741000,2029A0020,2029,506499.997,6741499.997,15.1194621,60.8088283,72,21
5060006742000,2029A0020,2029,506499.997,6742499.999,15.1194955,60.8178064,3,0
5060006744000,2031C1010,2031,506499.997,6744500.002,15.1195625,60.8357627,114,41
5060006745000,2031C1010,2031,506499.997,6745500.003,15.119596,60.8447408,103,24
5060006746000,2031C1010,2031,506499.997,6746499.999,15.1196296,60.8537189,100,31
5060006747000,2031C1010,2031,506499.997,6747500.001,15.1196632,60.862697,143,53
5060006748000,2031C1010,2031,506499.997,6748500.002,15.1196968,60.871675,394,128
5060006749000,2031C1020,2031,506499.997,6749499.999,15.1197304,60.8806531,1050,413
5060006750000,2031C1030,2031,506499.997,6750500.0,15.119764,60.8896311,1424,619
5060006751000,2031C1030,2031,506499.997,6751500.002,15.1197977,60.8986092,566,136
5060006752000,2031C1030,2031,506499.997,6752499.998,15.1198314,60.9075872,10,7
5060006753000,2031C1030,2031,506499.997,6753500.0,15.1198651,60.9165652,30,9
5060006754000,2031C1030,2031,506499.997,6754500.001,15.1198988,60.9255432,167,40
5060006755000,2031C1030,2031,506499.997,6755499.998,15.1199325,60.9345211,14,0
5060006759000,2031A0010,2031,506499.997,6759499.998,15.1200677,60.9704329,8,3
5060006760000,2031A0010,2031,506499.997,6760500.0,15.1201016,60.9794109,25,12
5060006779000,2031A0020,2031,506499.997,6779500.002,15.1207491,61.1499891,8,9
5060006780000,2031A0020,2031,506499.997,6780499.999,15.1207834,61.1589667,8,6
5060006781000,2031A0020,2031,506499.997,6781500.0,15.1208177,61.1679444,104,30
5060006782000,2031A0020,2031,506499.997,6782500.002,15.1208521,61.1769221,24,3
5060006783000,2031A0020,2031,506499.997,6783499.998,15.1208864,61.1858997,25,11
5070006656000,2085A0010,2085,507499.999,6656499.999,15.1346479,60.045625,18,6
5070006658000,2085A0010,2085,507499.999,6658500.002,15.134721,60.0635834,4,0
5070006659000,2085A0010,2085,507499.999,6659499.998,15.1347576,60.0725625,7,0
5070006664000,2085A0010,2085,507499.999,6664500.0,15.1349411,60.117458,13,3
5070006665000,2085A0010,2085,507499.999,6665500.002,15.1349778,60.1264371,35,0
5070006667000,2085A0010,2085,507499.999,6667500.0,15.1350514,60.1443952,31,3
5070006670000,2085A0040,2085,507499.999,6670499.999,15.1351619,60.1713323,4,0
5070006671000,2085A0040,2085,507499.999,6671500.0,15.1351988,60.1803113,11,3
5070006672000,2085A0040,2085,507499.999,6672500.002,15.1352357,60.1892903,43,6
5070006673000,2085A0040,2085,507499.999,6673499.998,15.1352727,60.1982692,104,15
5070006674000,2085A0040,2085,507499.999,6674500.0,15.1353096,60.2072482,40,15
5070006710000,2026A0020,2026,507499.999,6710499.997,15.1366561,60.5304826,82,6
5070006711000,2026A0020,2026,507499.999,6711499.999,15.136694,60.5394611,64,10
5070006712000,2026C1020,2026,507499.999,6712500.0,15.1367319,60.5484396,116,26
5070006713000,2026C1020,2026,507499.999,6713500.001,15.1367698,60.5574181,268,88
5070006714000,2026C1020,2026,507499.999,6714500.003,15.1368077,60.5663966,174,58
5070006715000,2026A0020,2026,507499.999,6715499.999,15.1368456,60.575375,7,0
5070006716000,2026A0020,2026,507499.999,6716500.001,15.1368836,60.5843535,36,3
5070006723000,2029A0020,2029,507499.999,6723500.001,15.1371501,60.6472023,3,4
5070006725000,2029A0020,2029,507499.999,6725499.999,15.1372264,60.665159,10,0
5070006726000,2029A0020,2029,507499.999,6726500.0,15.1372646,60.6741373,52,19
5070006727000,2029A0020,2029,507499.999,6727499.997,15.1373029,60.6831156,6,6
5070006729000,2029A0020,2029,507499.999,6729500.0,15.1373794,60.7010722,70,36
5070006730000,2029A0020,2029,507499.999,6730500.001,15.1374177,60.7100505,41,11
5070006732000,2029A0020,2029,507499.999,6732499.999,15.1374944,60.728007,7,3
5070006741000,2029A0020,2029,507499.999,6741499.997,15.1378408,60.8088107,11,3
5070006744000,2031C1010,2031,507499.999,6744500.002,15.1379567,60.8357451,74,22
5070006745000,2031C1010,2031,507499.999,6745500.003,15.1379954,60.8447232,50,19
5070006748000,2031C1010,2031,507499.999,6748500.002,15.1381116,60.8716574,4,3
5070006749000,2031C1010,2031,507499.999,6749499.999,15.1381504,60.8806354,177,38
5070006750000,2031C1030,2031,507499.999,6750500.0,15.1381892,60.8896135,232,97
5070006751000,2031C1030,2031,507499.999,6751500.002,15.1382281,60.8985915,4,0
5070006754000,2031A0010,2031,507499.999,6754500.001,15.1383448,60.9255255,4,3
5070006755000,2031A0010,2031,507499.999,6755499.998,15.1383837,60.9345034,7,3
5070006758000,2031A0010,2031,507499.999,6758499.997,15.1385007,60.9614373,14,7
5070006759000,2031A0010,2031,507499.999,6759499.998,15.1385397,60.9704152,77,21
5070006760000,2031A0010,2031,507499.999,6760500.0,15.1385788,60.9793931,8,9
5070006776000,2031A0020,2031,507499.999,6776500.003,15.1392073,61.1230382,5,6
5070006777000,2031A0020,2031,507499.999,6777499.999,15.1392468,61.1320158,18,3
5070006778000,2031A0020,2031,507499.999,6778500.001,15.1392863,61.1409936,26,20
5070006779000,2031A0020,2031,507499.999,6779500.002,15.1393259,61.1499713,20,3
5070006780000,2031A0020,2031,507499.999,6780499.999,15.1393655,61.1589489,10,3
5070006781000,2031A0020,2031,507499.999,6781500.0,15.1394051,61.1679266,239,83
5070006782000,2031A0020,2031,507499.999,6782500.002,15.1394447,61.1769042,70,18
5080006656000,2061A0020,2061,508500.002,6656499.999,15.1526009,60.0456055,10,3
5080006657000,2061A0020,2061,508500.002,6657500.0,15.1526423,60.0545847,3,3
5080006659000,2085A0010,2085,508500.002,6659499.998,15.1527253,60.072543,26,15
5080006660000,2085A0010,2085,508500.002,6660499.999,15.1527668,60.0815221,17,6
5080006665000,2085C1010,2085,508500.002,6665500.002,15.1529748,60.1264176,23,0
5080006666000,2085C1010,2085,508500.002,6666500.003,15.1530165,60.1353966,104,42
5080006667000,2085C1010,2085,508500.002,6667500.0,15.1530582,60.1443756,22,6
5080006669000,2085A0040,2085,508500.002,6669500.003,15.1531417,60.1623337,28,4
5080006670000,2085A0040,2085,508500.002,6670499.999,15.1531835,60.1713127,193,24
5080006671000,2085A0040,2085,508500.002,6671500.0,15.1532253,60.1802917,170,50
5080006672000,2085A0040,2085,508500.002,6672500.002,15.1532671,60.1892707,328,73
5080006673000,2085A0040,2085,508500.002,6673499.998,15.153309,60.1982496,3,0
5080006710000,2026A0020,2026,508500.002,6710499.997,15.1548769,60.5304627,79,9
5080006711000,2026C1020,2026,508500.002,6711499.999,15.1549198,60.5394412,14,6
5080006712000,2026C1010,2026,508500.002,6712500.0,15.1549627,60.5484197,112,37
5080006713000,2026C1020,2026,508500.002,6713500.001,15.1550057,60.5573982,22,3
5080006723000,2029A0020,2029,508500.002,6723500.001,15.1554367,60.6471823,3,0
5080006724000,2029A0020,2029,508500.002,6724499.997,15.15548,60.6561606,3,0
5080006725000,2029A0020,2029,508500.002,6725499.999,15.1555232,60.665139,15,7
5080006726000,2029A0020,2029,508500.002,6726500.0,15.1555666,60.6741173,8,0
5080006729000,2029A0020,2029,508500.002,6729500.0,15.1556967,60.7010522,16,14
5080006734000,2029A0020,2029,508500.002,6734500.002,15.1559141,60.7459434,36,20
5080006735000,2029A0020,2029,508500.002,6735499.998,15.1559576,60.7549216,10,4
5080006747000,2031A0010,2031,508500.002,6747500.001,15.1564826,60.8626592,3,3
5080006758000,2031A0010,2031,508500.002,6758499.997,15.1569674,60.961417,3,0
5080006759000,2031A0010,2031,508500.002,6759499.998,15.1570116,60.970395,21,4
5080006774000,2031A0020,2031,508500.002,6774500.0,15.1576788,61.1050623,3,5
5080006775000,2031A0020,2031,508500.002,6775500.002,15.1577235,61.1140401,20,6
5080006776000,2031A0020,2031,508500.002,6776500.003,15.1577682,61.1230178,39,21
5080006777000,2031A0020,2031,508500.002,6777499.999,15.157813,61.1319955,4,3
5080006778000,2031A0020,2031,508500.002,6778500.001,15.1578578,61.1409732,4,0
5080006782000,2031A0020,2031,508500.002,6782500.002,15.1580373,61.1768838,3,3
5080006819000,2031A0020,2031,508500.002,6819500.0,15.1597201,61.5090481,3,6
5080006820000,2031A0020,2031,508500.002,6820499.997,15.1597661,61.5180253,17,6
5090006657000,2061A0020,2061,509500.0,6657500.0,15.1706001,60.0545628,3,3
5090006660000,2085A0010,2085,509500.0,6660499.999,15.1707393,60.0815001,4,0
5090006663000,2085A0010,2085,509500.0,6663499.999,15.1708787,60.1084374,3,0
5090006664000,2085C1010,2085,509500.0,6664500.0,15.1709252,60.1174165,399,97
5090006665000,2085C1010,2085,509500.0,6665500.002,15.1709717,60.1263956,405,99
5090006666000,2085C1030,2085,509500.0,6666500.003,15.1710183,60.1353746,729,147
5090006667000,2085C1050,2085,509500.0,6667500.0,15.1710649,60.1443536,76,6
5090006669000,2085C1090,2085,509500.0,6669500.003,15.1711582,60.1623117,9,0
5090006670000,2085A0040,2085,509500.0,6670499.999,15.171205,60.1712906,68,15
5090006671000,2085A0040,2085,509500.0,6671500.0,15.1712517,60.1802696,33,6
5090006672000,2085A0040,2085,509500.0,6672500.002,15.1712984,60.1892486,10,0
5090006674000,2085A0040,2085,509500.0,6674500.0,15.1713921,60.2072065,24,8
5090006676000,2085A0040,2085,509500.0,6676499.998,15.1714858,60.2251643,3,0
5090006688000,2081A0020,2081,509500.0,6688500.0,15.1720507,60.3329104,68,23
5090006689000,2081A0020,2081,509500.0,6689500.002,15.1720979,60.3418892,5,0
5090006701000,2081A0020,2081,509500.0,6701499.999,15.1726675,60.4496334,5,3
5090006702000,2081A0020,2081,509500.0,6702500.001,15.1727152,60.458612,27,6
5090006710000,2026A0020,2026,509500.0,6710499.997,15.1730976,60.5304403,13,6
5090006712000,2026C1010,2026,509500.0,6712500.0,15.1731935,60.5483973,229,53
5090006713000,2026A0020,2026,509500.0,6713500.001,15.1732415,60.5573758,30,13
5090006721000,2029A0020,2029,509500.0,6721499.998,15.1736267,60.6292031,4,0
5090006724000,2029A0020,2029,509500.0,6724499.997,15.1737716,60.6561381,3,3
5090006725000,2029A0020,2029,509500.0,6725499.999,15.17382,60.6651165,10,3
5090006726000,2029A0020,2029,509500.0,6726500.0,15.1738684,60.6740948,3,3
5090006734000,2029A0020,2029,509500.0,6734500.002,15.1742567,60.7459208,11,0
5090006737000,2029A0020,2029,509500.0,6737500.001,15.1744029,60.7728554,4,0
5090006739000,2029A0020,2029,509500.0,6739499.999,15.1745005,60.7908117,4,0
5090006742000,2029A0020,2029,509500.0,6742499.999,15.1746471,60.8177461,3,0
5090006751000,2031A0010,2031,509500.0,6751500.002,15.1750887,60.8985486,5,0
5090006754000,2031A0010,2031,509500.0,6754500.001,15.1752365,60.9254825,3,3
5090006768000,2031A0010,2031,509500.0,6768500.001,15.17593,61.0511729,3,0
5090006769000,2031A0010,2031,509500.0,6769499.998,15.1759797,61.0601506,48,13
5090006770000,2031A0010,2031,509500.0,6770499.999,15.1760295,61.0691284,73,28
5090006771000,2031A0010,2031,509500.0,6771500.001,15.1760794,61.0781062,42,13
5090006773000,2031A0020,2031,509500.0,6773499.999,15.1761792,61.0960617,4,0
5090006774000,2031A0020,2031,509500.0,6774500.0,15.1762291,61.1050394,11,0
5090006775000,2031A0020,2031,509500.0,6775500.002,15.1762791,61.1140172,5,3
5090006778000,2031A0020,2031,509500.0,6778500.001,15.1764292,61.1409502,3,4
5090006784000,2031A0020,2031,509500.0,6784500.0,15.1767303,61.1948161,22,6
5100006658000,2061A0020,2061,510499.998,6658500.002,15.1886091,60.0635175,3,0
5100006662000,2085C1010,2085,510499.998,6662499.997,15.1888144,60.0994339,18,6
5100006663000,2085C1010,2085,510499.998,6663499.999,15.1888658,60.108413,50,14
5100006664000,2085C1010,2085,510499.998,6664500.0,15.1889172,60.117392,346,68
5100006665000,2085C1010,2085,510499.998,6665500.002,15.1889686,60.1263711,989,243
5100006666000,2085C1030,2085,510499.998,6666500.003,15.1890201,60.1353501,1455,294
5100006667000,2085C1040,2085,510499.998,6667500.0,15.1890716,60.1443291,3745,745
5100006668000,2085C1090,2085,510499.998,6668500.001,15.1891232,60.1533082,1509,436
5100006669000,2085C1090,2085,510499.998,6669500.003,15.1891748,60.1622872,320,65
5100006670000,2085C1090,2085,510499.998,6670499.999,15.1892264,60.1712661,20,3
5100006682000,2085A0040,2085,510499.998,6682500.001,15.1898484,60.279013,11,3
5100006685000,2085A0040,2085,510499.998,6685500.001,15.1900046,60.3059494,22,14
5100006686000,2085A0040,2085,510499.998,6686500.002,15.1900567,60.3149283,6,3
5100006687000,2085A0040,2085,510499.998,6687499.999,15.1901089,60.323907,4,3
5100006688000,2085A0040,2085,510499.998,6688500.0,15.1901611,60.3328858,41,20
5100006689000,2081A0020,2081,510499.998,6689500.002,15.1902134,60.3418645,15,6
5100006710000,2026C1010,2026,510499.998,6710499.997,15.1913183,60.5304155,49,9
5100006711000,2026C1010,2026,510499.998,6711499.999,15.1913713,60.539394,46,13
5100006712000,2026C1010,2026,510499.998,6712500.0,15.1914243,60.5483725,384,61
5100006723000,2029A0020,2029,510499.998,6723500.001,15.1920098,60.6471348,4,0
5100006724000,2029A0020,2029,510499.998,6724499.997,15.1920632,60.6561131,3,0
5100006725000,2029A0020,2029,510499.998,6725499.999,15.1921167,60.6650915,5,0
5100006727000,2029A0020,2029,510499.998,6727499.997,15.1922237,60.683048,3,0
5100006734000,2029A0020,2029,510499.998,6734500.002,15.1925994,60.7458958,19,13
5100006735000,2029A0020,2029,510499.998,6735499.998,15.1926532,60.7548739,3,3
5100006739000,2029A0020,2029,510499.998,6739499.999,15.1928688,60.7907866,36,9
5100006741000,2029A0020,2029,510499.998,6741499.997,15.1929768,60.8087428,6,4
5100006744000,2031A0010,2031,510499.998,6744500.002,15.1931391,60.8356771,3,3
5100006751000,2031A0010,2031,510499.998,6751500.002,15.193519,60.8985234,3,0
5100006753000,2031A0010,2031,510499.998,6753500.0,15.1936278,60.9164793,3,0
5100006754000,2031A0010,2031,510499.998,6754500.001,15.1936823,60.9254573,3,3
5100006755000,2031A0010,2031,510499.998,6755499.998,15.1937368,60.9344352,4,0
5100006756000,2031A0010,2031,510499.998,6756499.999,15.1937914,60.9434132,5,3
5100006760000,2031A0010,2031,510499.998,6760500.0,15.1940099,60.9793248,6,3
5100006764000,2031A0010,2031,510499.998,6764500.001,15.1942291,61.0152362,3,0
5100006766000,2031A0010,2031,510499.998,6766499.998,15.1943388,61.0331919,18,9
5100006767000,2031A0010,2031,510499.998,6767500.0,15.1943938,61.0421697,67,20
5100006768000,2031A0010,2031,510499.998,6768500.001,15.1944488,61.0511475,55,23
5100006769000,2031A0010,2031,510499.998,6769499.998,15.1945038,61.0601252,20,3
5100006776000,2031A0020,2031,510499.998,6776500.003,15.1948899,61.1229694,3,0
5100006778000,2031A0020,2031,510499.998,6778500.001,15.1950005,61.1409247,3,3
5100006779000,2031A0020,2031,510499.998,6779500.002,15.1950559,61.1499024,3,0
5100006780000,2031A0020,2031,510499.998,6780499.999,15.1951113,61.15888,5,3
5100006781000,2031A0020,2031,510499.998,6781500.0,15.1951668,61.1678577,13,3
5110006660000,2061A0020,2061,511500.001,6660499.999,15.2066841,60.0814489,15,4
5110006662000,2061A0020,2061,511500.001,6662499.997,15.2067966,60.099407,12,7
5110006663000,2085C1020,2085,511500.001,6663499.999,15.2068529,60.1083861,3,0
5110006664000,2085C1020,2085,511500.001,6664500.0,15.2069092,60.1173651,17,0
5110006665000,2085C1020,2085,511500.001,6665500.002,15.2069656,60.1263442,952,225
5110006666000,2085C1020,2085,511500.001,6666500.003,15.2070219,60.1353232,784,134
5110006667000,2085C1020,2085,511500.001,6667500.0,15.2070784,60.1443022,394,169
5110006668000,2085C1080,2085,511500.001,6668500.001,15.2071348,60.1532812,2931,676
5110006669000,2085C1080,2085,511500.001,6669500.003,15.2071913,60.1622602,169,55
5110006670000,2085C1080,2085,511500.001,6670499.999,15.2072479,60.1712392,139,27
5110006671000,2085C1090,2085,511500.001,6671500.0,15.2073044,60.1802182,257,46
5110006672000,2085C1090,2085,511500.001,6672500.002,15.207361,60.1891971,61,7
5110006673000,2085A0040,2085,511500.001,6673499.998,15.2074177,60.198176,57,10
5110006674000,2085A0040,2085,511500.001,6674500.0,15.2074743,60.207155,8,3
5110006677000,2085A0040,2085,511500.001,6677499.999,15.2076446,60.2340917,10,6
5110006682000,2085A0040,2085,511500.001,6682500.001,15.2079291,60.2789859,23,0
5110006683000,2085A0040,2085,511500.001,6683500.003,15.2079861,60.2879648,3,0
5110006685000,2085A0040,2085,511500.001,6685500.001,15.2081002,60.3059224,11,3
5110006686000,2081A0020,2081,511500.001,6686500.002,15.2081573,60.3149011,8,3
5110006687000,2081A0020,2081,511500.001,6687499.999,15.2082144,60.3238799,10,0
5110006688000,2081A0020,2081,511500.001,6688500.0,15.2082716,60.3328586,6,0
5110006710000,2026C1010,2026,511500.001,6710499.997,15.209539,60.5303881,57,25
5110006711000,2026C1010,2026,511500.001,6711499.999,15.209597,60.5393666,422,87
5110006712000,2026C1010,2026,511500.001,6712500.0,15.2096551,60.5483451,120,22
5110006713000,2026C1010,2026,511500.001,6713500.001,15.2097132,60.5573236,5,3
5110006714000,2026C1010,2026,511500.001,6714500.003,15.2097713,60.566302,93,3
5110006724000,2029A0020,2029,511500.001,6724499.997,15.2103548,60.6560857,10,0
5110006728000,2029A0020,2029,511500.001,6728499.998,15.2105893,60.6919988,10,6
5110006729000,2029A0020,2029,511500.001,6729500.0,15.210648,60.7009771,4,0
5110006739000,2029A0020,2029,511500.001,6739499.999,15.2112372,60.7907589,3,3
5110006753000,2031A0010,2031,511500.001,6753500.0,15.2120685,60.9164515,9,3
5110006754000,2031A0010,2031,511500.001,6754500.001,15.2121282,60.9254295,44,9
5110006755000,2031A0010,2031,511500.001,6755499.998,15.2121879,60.9344074,46,19
5110006756000,2031A0010,2031,511500.001,6756499.999,15.2122476,60.9433853,4,0
5110006758000,2031A0010,2031,511500.001,6758499.997,15.2123672,60.9613411,6,0
5110006759000,2031A0010,2031,511500.001,6759499.998,15.2124271,60.970319,3,0
5110006760000,2031A0010,2031,511500.001,6760500.0,15.212487,60.9792969,32,7
5110006761000,2031A0010,2031,511500.001,6761500.001,15.2125469,60.9882748,24,12
5110006762000,2031A0010,2031,511500.001,6762500.003,15.2126069,60.9972527,18,6
5110006763000,2031A0010,2031,511500.001,6763499.999,15.2126669,61.0062305,203,55
5110006764000,2031A0010,2031,511500.001,6764500.001,15.212727,61.0152083,123,33
5110006765000,2031A0010,2031,511500.001,6765500.002,15.2127871,61.0241862,38,3
5110006766000,2031A0010,2031,511500.001,6766499.998,15.2128472,61.0331639,12,3
5110006767000,2031A0010,2031,511500.001,6767500.0,15.2129074,61.0421418,3,0
5110006768000,2031A0010,2031,511500.001,6768500.001,15.2129676,61.0511196,6,3
5110006769000,2031A0010,2031,511500.001,6769499.998,15.2130278,61.0600973,28,3
5110006776000,2031A0020,2031,511500.001,6776500.003,15.2134507,61.1229414,3,0
5110006778000,2031A0020,2031,511500.001,6778500.001,15.2135719,61.1408967,13,3
5110006779000,2031A0020,2031,511500.001,6779500.002,15.2136325,61.1498744,14,4
5110006780000,2031A0020,2031,511500.001,6780499.999,15.2136932,61.158852,64,19
5110006781000,2031A0020,2031,511500.001,6781500.0,15.213754,61.1678296,32,17
5120006650000,2061A0020,2061,512500.003,6650500.0,15.2240477,59.9916281,3,0
5120006659000,2061A0020,2061,512500.003,6659499.998,15.2245955,60.0724405,23,9
5120006660000,2061A0020,2061,512500.003,6660499.999,15.2246566,60.0814196,31,8
5120006661000,2061A0020,2061,512500.003,6661500.001,15.2247177,60.0903987,3,0
5120006662000,2061A0020,2061,512500.003,6662499.997,15.2247788,60.0993777,35,7
5120006666000,2085C1020,2085,512500.003,6666500.003,15.2250237,60.1352939,70,7
5120006667000,2061A0020,2061,512500.003,6667500.0,15.2250851,60.1442728,23,9
5120006668000,2061A0020,2061,512500.003,6668500.001,15.2251464,60.1532518,337,68
5120006669000,2085C1080,2085,512500.003,6669500.003,15.2252078,60.1622308,4,3
5120006670000,2085C1080,2085,512500.003,6670499.999,15.2252693,60.1712098,4,6
5120006671000,2085C1080,2085,512500.003,6671500.0,15.2253308,60.1801887,6,7
5120006672000,2085A0040,2085,512500.003,6672500.002,15.2253923,60.1891677,8,3
5120006673000,2085A0040,2085,512500.003,6673499.998,15.2254539,60.1981466,8,3
5120006674000,2085A0040,2085,512500.003,6674500.0,15.2255155,60.2071255,90,27
5120006675000,2085A0040,2085,512500.003,6675500.001,15.2255771,60.2161044,51,12
5120006676000,2085A0040,2085,512500.003,6676499.998,15.2256388,60.2250833,68,23
5120006677000,2085A0040,2085,512500.003,6677499.999,15.2257005,60.2340622,11,9
5120006678000,2085A0040,2085,512500.003,6678500.001,15.2257623,60.2430411,4,0
5120006679000,2085A0040,2085,512500.003,6679499.997,15.2258241,60.2520199,4,0
5120006681000,2085A0040,2085,512500.003,6681500.0,15.2259478,60.2699776,15,6
5120006682000,2085A0040,2085,512500.003,6682500.001,15.2260097,60.2789564,17,3
5120006684000,2082A0010,2082,512500.003,6684499.999,15.2261337,60.296914,4,0
5120006685000,2081A0020,2081,512500.003,6685500.001,15.2261957,60.3058928,54,32
5120006687000,2081A0020,2081,512500.003,6687499.999,15.2263199,60.3238503,7,3
5120006690000,2081A0020,2081,512500.003,6690499.998,15.2265065,60.3507865,3,3
5120006691000,2081A0020,2081,512500.003,6691500.0,15.2265688,60.3597652,19,0
5120006692000,2081A0020,2081,512500.003,6692500.001,15.2266311,60.3687439,73,17
5120006693000,2081A0020,2081,512500.003,6693499.997,15.2266935,60.3777226,123,27
5120006694000,2081A0020,2081,512500.003,6694499.999,15.2267559,60.3867012,40,11
5120006695000,2081A0020,2081,512500.003,6695500.0,15.2268183,60.3956799,5,0
5120006711000,2026C1010,2026,512500.003,6711499.999,15.2278227,60.5393368,42,16
5120006712000,2026C1010,2026,512500.003,6712500.0,15.2278858,60.5483152,49,12
5120006713000,2026C1010,2026,512500.003,6713500.001,15.227949,60.5572937,250,80
5120006718000,2026A0020,2026,512500.003,6718499.999,15.2282654,60.6021857,6,0
5120006724000,2029A0020,2029,512500.003,6724499.997,15.2286464,60.6560557,3,4
5120006731000,2029A0020,2029,512500.003,6731500.003,15.2290929,60.7189035,3,3
5120006732000,2029A0020,2029,512500.003,6732499.999,15.2291568,60.7278817,3,0
5120006743000,2031A0010,2031,512500.003,6743500.0,15.2298629,60.8266412,22,14
5120006754000,2031A0010,2031,512500.003,6754500.001,15.230574,60.9253992,26,6
5120006755000,2031A0010,2031,512500.003,6755499.998,15.2306389,60.9343771,66,20
5120006756000,2031A0010,2031,512500.003,6756499.999,15.2307038,60.943355,111,31
5120006757000,2031A0010,2031,512500.003,6757500.0,15.2307688,60.9523329,7,0
5120006760000,2031A0010,2031,512500.003,6760500.0,15.230964,60.9792666,27,13
5120006761000,2031A0010,2031,512500.003,6761500.001,15.2310291,60.9882444,31,3
5120006762000,2031A0010,2031,512500.003,6762500.003,15.2310943,60.9972223,83,27
5120006763000,2031A0010,2031,512500.003,6763499.999,15.2311596,61.0062001,11,3
5120006764000,2031A0010,2031,512500.003,6764500.001,15.2312248,61.0151779,26,24
5120006775000,2031A0020,2031,512500.003,6775500.002,15.2319457,61.1139331,4,0
5120006777000,2031A0020,2031,512500.003,6777499.999,15.2320774,61.1318885,27,19
5120006778000,2031A0020,2031,512500.003,6778500.001,15.2321432,61.1408661,16,9
5120006780000,2031A0020,2031,512500.003,6780499.999,15.2322751,61.1588214,3,0
5120006781000,2031A0020,2031,512500.003,6781500.0,15.2323411,61.167799,12,0
5130006659000,2061A0020,2061,513500.001,6659499.998,15.2425629,60.0724087,28,7
5130006662000,2061A0020,2061,513500.001,6662499.997,15.2427609,60.0993459,3,0
5130006663000,2061A0020,2061,513500.001,6663499.999,15.242827,60.108325,17,6
5130006664000,2061A0020,2061,513500.001,6664500.0,15.2428931,60.117304,8,4
5130006667000,2061A0020,2061,513500.001,6667500.0,15.2430917,60.144241,3,3
5130006668000,2061A0020,2061,513500.001,6668500.001,15.2431579,60.15322,130,38
5130006669000,2061A0030,2061,513500.001,6669500.003,15.2432243,60.162199,28,10
5130006670000,2061A0030,2061,513500.001,6670499.999,15.2432906,60.1711779,17,3
5130006671000,2061A0030,2061,513500.001,6671500.0,15.243357,60.1801569,3,3
5130006674000,2085A0040,2085,513500.001,6674500.0,15.2435565,60.2070936,9,3
5130006675000,2085A0040,2085,513500.001,6675500.001,15.2436231,60.2160725,16,3
5130006676000,2061A0030,2061,513500.001,6676499.998,15.2436897,60.2250514,23,3
5130006678000,2061A0030,2061,513500.001,6678500.001,15.2438231,60.2430091,8,0
5130006685000,2081A0020,2081,513500.001,6685500.001,15.2442912,60.3058608,3,3
5130006688000,2081A0020,2081,513500.001,6688500.0,15.2444924,60.332797,4,3
5130006689000,2081A0020,2081,513500.001,6689500.002,15.2445596,60.3417757,5,0
5130006692000,2081A0020,2081,513500.001,6692500.001,15.2447614,60.3687118,3,0
5130006693000,2081A0020,2081,513500.001,6693499.997,15.2448287,60.3776904,3,0
5130006694000,2081A0020,2081,513500.001,6694499.999,15.2448961,60.3866691,13,3
5130006695000,2081A0020,2081,513500.001,6695500.0,15.2449635,60.3956478,3,0
5130006696000,2081A0020,2081,513500.001,6696499.997,15.245031,60.4046264,7,0
5130006713000,2081A0020,2081,513500.001,6713500.001,15.2461847,60.5572613,59,19
5130006716000,2026A0020,2026,513500.001,6716500.001,15.2463896,60.5841965,3,3
5130006719000,2026A0020,2026,513500.001,6719500.0,15.2465949,60.6111316,4,0
5130006728000,2029A0020,2029,513500.001,6728499.998,15.2472132,60.6919362,3,0
5130006731000,2029A0020,2029,513500.001,6731500.003,15.2474201,60.7188709,6,9
5130006732000,2029A0020,2029,513500.001,6732499.999,15.2474891,60.7278491,3,0
5130006739000,2029A0020,2029,513500.001,6739499.999,15.2479737,60.7906961,5,3
5130006753000,2031A0010,2031,513500.001,6753500.0,15.2489496,60.9163884,3,3
5130006754000,2031A0010,2031,513500.001,6754500.001,15.2490196,60.9253663,19,3
5130006755000,2031A0010,2031,513500.001,6755499.998,15.2490897,60.9343442,92,18
5130006756000,2031A0010,2031,513500.001,6756499.999,15.2491599,60.9433221,24,8
5130006757000,2031A0010,2031,513500.001,6757500.0,15.24923,60.9523001,13,6
5130006758000,2031A0010,2031,513500.001,6758499.997,15.2493003,60.9612779,12,3
5130006762000,2031A0010,2031,513500.001,6762500.003,15.2495816,60.9971893,22,8
5130006763000,2031A0010,2031,513500.001,6763499.999,15.2496521,61.0061671,38,18
5130006764000,2031A0010,2031,513500.001,6764500.001,15.2497226,61.015145,5,0
5130006774000,2031A0020,2031,513500.001,6774500.0,15.2504301,61.1049224,15,0
5130006775000,2031A0020,2031,513500.001,6775500.002,15.2505012,61.1139,9,0
5130006776000,2031A0020,2031,513500.001,6776500.003,15.2505722,61.1228777,13,0
5130006783000,2031A0020,2031,513500.001,6783499.998,15.2510709,61.185721,3,0
5140006655000,2061A0020,2061,514500.0,6655500.002,15.2602474,60.0364582,3,0
5140006657000,2061A0020,2061,514500.0,6657500.0,15.2603888,60.0544164,5,3
5140006658000,2061A0020,2061,514500.0,6658500.002,15.2604595,60.0633955,17,6
5140006659000,2061A0020,2061,514500.0,6659499.998,15.2605303,60.0723746,31,3
5140006662000,2061A0020,2061,514500.0,6662499.997,15.2607429,60.0993117,6,3
5140006663000,2061A0020,2061,514500.0,6663499.999,15.2608139,60.1082908,3,3
5140006664000,2061A0020,2061,514500.0,6664500.0,15.2608849,60.1172698,106,30
5140006665000,2061A0020,2061,514500.0,6665500.002,15.260956,60.1262488,140,26
5140006666000,2061A0020,2061,514500.0,6666500.003,15.2610271,60.1352278,3,3
5140006667000,2061A0020,2061,514500.0,6667500.0,15.2610982,60.1442068,3,0
5140006668000,2061A0020,2061,514500.0,6668500.001,15.2611694,60.1531857,32,10
5140006669000,2061A0020,2061,514500.0,6669500.003,15.2612406,60.1621647,8,0
5140006673000,2061A0030,2061,514500.0,6673499.998,15.261526,60.1980804,3,3
5140006688000,2081A0020,2081,514500.0,6688500.0,15.2626027,60.3327625,3,3
5140006698000,2081A0020,2081,514500.0,6698500.0,15.2633263,60.422549,4,3
5140006699000,2081A0020,2081,514500.0,6699500.001,15.2633989,60.4315276,3,3
5140006707000,2081A0020,2081,514500.0,6707499.998,15.2639815,60.5033558,6,3
5140006708000,2081A0020,2081,514500.0,6708499.999,15.2640545,60.5123343,3,0
5140006710000,2081A0020,2081,514500.0,6710499.997,15.2642007,60.5302912,19,3
5140006711000,2081A0020,2081,514500.0,6711499.999,15.2642739,60.5392696,7,0
5140006712000,2081A0020,2081,514500.0,6712500.0,15.2643471,60.5482481,45,10
5140006713000,2081A0020,2081,514500.0,6713500.001,15.2644203,60.5572265,39,10
5140006714000,2081A0020,2081,514500.0,6714500.003,15.2644937,60.5662049,8,0
5140006728000,2029A0020,2029,514500.0,6728499.998,15.265525,60.6919012,5,3
5140006729000,2029A0020,2029,514500.0,6729500.0,15.265599,60.7008794,3,0
5140006730000,2029A0020,2029,514500.0,6730500.001,15.2656731,60.7098577,6,3
5140006732000,2029A0020,2029,514500.0,6732499.999,15.2658214,60.727814,11,3
5140006733000,2029A0020,2029,514500.0,6733500.001,15.2658956,60.7367922,12,0
5140006734000,2029A0020,2029,514500.0,6734500.002,15.2659699,60.7457704,7,0
5140006742000,2029A0020,2029,514500.0,6742499.999,15.2665657,60.8175952,7,0
5140006743000,2029A0020,2029,514500.0,6743500.0,15.2666404,60.8265732,5,9
5140006753000,2031A0010,2031,514500.0,6753500.0,15.26739,60.916353,9,0
5140006754000,2031A0010,2031,514500.0,6754500.001,15.2674653,60.925331,36,13
5140006757000,2031A0010,2031,514500.0,6757500.0,15.2676913,60.9522646,6,0
5140006758000,2031A0010,2031,514500.0,6758499.997,15.2677667,60.9612425,56,17
5140006774000,2031A0020,2031,514500.0,6774500.0,15.2689803,61.1048867,3,3
5150006650000,2061A0020,2061,515499.998,6650500.0,15.2778184,59.991526,5,0
5150006653000,2061A0020,2061,515499.998,6653499.999,15.2780444,60.0184634,3,3
5150006654000,2061A0020,2061,515499.998,6654500.001,15.2781198,60.0274426,4,0
5150006657000,2061A0020,2061,515499.998,6657500.0,15.2783464,60.0543799,3,3
5150006659000,2061A0020,2061,515499.998,6659499.998,15.2784977,60.072338,4,0
5150006660000,2061A0020,2061,515499.998,6660499.999,15.2785734,60.081317,10,3
5150006664000,2061A0020,2061,515499.998,6664500.0,15.2788767,60.1172331,6,3
5150006665000,2061A0020,2061,515499.998,6665500.002,15.2789527,60.1262121,163,25
5150006666000,2061A0020,2061,515499.998,6666500.003,15.2790287,60.1351911,23,13
5150006667000,2061A0020,2061,515499.998,6667500.0,15.2791047,60.1441701,8,0
5150006670000,2061A0030,2061,515499.998,6670499.999,15.2793331,60.1711069,24,3
5150006671000,2061A0030,2061,515499.998,6671500.0,15.2794094,60.1800858,62,27
5150006685000,2081A0020,2081,515499.998,6685500.001,15.2804819,60.3057893,3,3
5150006698000,2081A0020,2081,515499.998,6698500.0,15.2814864,60.4225119,33,11
5150006699000,2081A0020,2081,515499.998,6699500.001,15.2815641,60.4314904,28,3
5150006709000,2081A0020,2081,515499.998,6709500.001,15.282343,60.5212755,24,0
5150006710000,2081A0020,2081,515499.998,6710499.997,15.2824211,60.5302539,20,5
5150006711000,2081A0020,2081,515499.998,6711499.999,15.2824994,60.5392323,34,18
5150006712000,2081A0020,2081,515499.998,6712500.0,15.2825776,60.5482108,23,9
5150006713000,2081A0020,2081,515499.998,6713500.001,15.2826559,60.5571892,8,0
5150006724000,2029A0020,2029,515499.998,6724499.997,15.2835208,60.6559507,16,6
5150006725000,2029A0020,2029,515499.998,6725499.999,15.2835997,60.664929,3,0
5150006730000,2080A0050,2080,515499.998,6730500.001,15.2839951,60.7098201,39,5
5150006731000,2080A0050,2080,515499.998,6731500.003,15.2840743,60.7187983,155,53
5150006737000,2029A0020,2029,515499.998,6737500.001,15.2845508,60.7726671,4,0
5150006741000,2029A0020,2029,515499.998,6741499.997,15.2848695,60.8085794,4,0
5150006742000,2029A0020,2029,515499.998,6742499.999,15.2849493,60.8175574,6,0
5150006752000,2031A0010,2031,515499.998,6752499.998,15.2857501,60.9073372,11,0
5150006753000,2031A0010,2031,515499.998,6753500.0,15.2858304,60.9163152,32,4
5150006754000,2031A0010,2031,515499.998,6754500.001,15.2859109,60.9252931,23,3
5150006758000,2031A0010,2031,515499.998,6758499.997,15.2862331,60.9612045,46,21
5160006646000,2061A0010,2061,516500.0,6646499.999,15.2954219,59.9555703,3,0
5160006649000,2061A0010,2061,516500.0,6649499.999,15.2956618,59.9825079,4,3
5160006653000,2061A0020,2061,516500.0,6653499.999,15.2959825,60.0184245,3,0
5160006656000,2061A0020,2061,516500.0,6656499.999,15.2962235,60.0453618,4,0
5160006665000,2061A0020,2061,516500.0,6665500.002,15.2969494,60.126173,13,3
5160006666000,2061A0020,2061,516500.0,6666500.003,15.2970303,60.135152,14,8
5160006667000,2061A0020,2061,516500.0,6667500.0,15.2971112,60.1441309,45,16
5160006669000,2061A0020,2061,516500.0,6669500.003,15.2972733,60.1620888,13,6
5160006670000,2061A0030,2061,516500.0,6670499.999,15.2973544,60.1710677,14,0
5160006671000,2061A0030,2061,516500.0,6671500.0,15.2974356,60.1800466,45,7
5160006673000,2061A0030,2061,516500.0,6673499.998,15.297598,60.1980043,12,0
5160006674000,2061A0030,2061,516500.0,6674500.0,15.2976794,60.2069832,3,0
5160006688000,2081A0020,2081,516500.0,6688500.0,15.2988233,60.332686,14,6
5160006691000,2081A0020,2081,516500.0,6691500.0,15.2990697,60.359622,3,3
5160006698000,2081A0020,2081,516500.0,6698500.0,15.2996466,60.4224723,7,0
5160006699000,2081A0020,2081,516500.0,6699500.001,15.2997292,60.4314508,41,11
5160006709000,2081C1220,2081,516500.0,6709500.001,15.3005584,60.5212357,27,10
5160006710000,2081A0020,2081,516500.0,6710499.997,15.3006416,60.5302141,110,33
5160006711000,2081A0020,2081,516500.0,6711499.999,15.3007249,60.5391925,9,3
5160006725000,2029A0020,2029,516500.0,6725499.999,15.3018962,60.664889,6,0
5160006726000,2029A0020,2029,516500.0,6726500.0,15.3019803,60.6738672,3,0
5160006730000,2080A0050,2080,516500.0,6730500.001,15.3023171,60.70978,252,52
5160006731000,2080A0050,2080,516500.0,6731500.003,15.3024015,60.7187582,75,12
5160006736000,2029A0020,2029,516500.0,6736500.0,15.302824,60.7636488,3,3
5160006737000,2029A0020,2029,516500.0,6737500.001,15.3029087,60.7726269,10,0
5160006738000,2029A0020,2029,516500.0,6738499.998,15.3029934,60.781605,3,0
5160006748000,2031A0010,2031,516500.0,6748500.002,15.3038437,60.8713852,4,0
5160006757000,2031A0010,2031,516500.0,6757500.0,15.3046136,60.9521862,4,0
5170006651000,2061A0020,2061,517500.003,6651500.001,15.3137504,60.0004249,4,3
5170006654000,2061A0020,2061,517500.003,6654500.001,15.3140057,60.0273622,3,0
5170006655000,2061A0020,2061,517500.003,6655500.002,15.3140909,60.0363413,6,3
5170006665000,2061A0020,2061,517500.003,6665500.002,15.314946,60.1261314,3,0
5170006666000,2061A0020,2061,517500.003,6666500.003,15.3150318,60.1351104,25,6
5170006667000,2061A0020,2061,517500.003,6667500.0,15.3151177,60.1440893,61,18
5170006668000,2061A0020,2061,517500.003,6668500.001,15.3152036,60.1530682,12,3
5170006669000,2061A0030,2061,517500.003,6669500.003,15.3152896,60.1620472,3,0
5170006670000,2061C1040,2061,517500.003,6670499.999,15.3153756,60.171026,35,14
5170006671000,2061C1040,2061,517500.003,6671500.0,15.3154617,60.1800049,141,36
5170006672000,2061C1040,2061,517500.003,6672500.002,15.3155478,60.1889838,50,28
5170006673000,2061A0030,2061,517500.003,6673499.998,15.315634,60.1979626,4,3
5170006688000,2081A0020,2081,517500.003,6688500.0,15.3169335,60.3326441,6,0
5170006697000,2081A0020,2081,517500.003,6697499.998,15.3177192,60.4134516,29,11
5170006698000,2081A0020,2081,517500.003,6698500.0,15.3178067,60.4224302,9,9
5170006699000,2081A0020,2081,517500.003,6699500.001,15.3178944,60.4314087,57,16
5170006709000,2081C1220,2081,517500.003,6709500.001,15.3187738,60.5211935,20,8
5170006710000,2081A0020,2081,517500.003,6710499.997,15.318862,60.5301719,84,15
5170006720000,2081A0020,2081,517500.003,6720500.002,15.3197477,60.6199553,5,0
5170006721000,2081A0020,2081,517500.003,6721499.998,15.3198366,60.6289335,20,16
5170006725000,2029A0020,2029,517500.003,6725499.999,15.3201927,60.6648465,5,0
5170006726000,2029A0020,2029,517500.003,6726500.0,15.3202818,60.6738247,19,4
5170006727000,2029A0020,2029,517500.003,6727499.997,15.3203711,60.6828029,3,0
5170006729000,2029A0020,2029,517500.003,6729500.0,15.3205497,60.7007593,33,9
5170006730000,2080A0050,2080,517500.003,6730500.001,15.3206391,60.7097375,89,16
5170006731000,2080A0050,2080,517500.003,6731500.003,15.3207285,60.7187156,75,28
5170006732000,2080A0050,2080,517500.003,6732499.999,15.320818,60.7276937,13,0
5170006735000,2029A0020,2029,517500.003,6735499.998,15.3210869,60.7546281,4,0
5180006649000,2061A0010,2061,518500.001,6649499.999,15.331499,59.9824228,3,0
5180006650000,2061A0010,2061,518500.001,6650500.0,15.3315888,59.9914019,3,3
5180006654000,2061A0020,2061,518500.001,6654500.001,15.3319485,60.0273183,4,0
5180006655000,2061A0020,2061,518500.001,6655500.002,15.3320386,60.0362974,108,32
5180006665000,2061A0020,2061,518500.001,6665500.002,15.3329426,60.1260874,4,0
5180006666000,2061A0020,2061,518500.001,6666500.003,15.3330333,60.1350664,7,3
5180006667000,2061C1040,2061,518500.001,6667500.0,15.333124,60.1440452,38,17
5180006668000,2061A0030,2061,518500.001,6668500.001,15.3332149,60.1530242,5,0
5180006669000,2061A0030,2061,518500.001,6669500.003,15.3333058,60.1620031,22,3
5180006670000,2061C1040,2061,518500.001,6670499.999,15.3333967,60.1709819,20,7
5180006671000,2061C1040,2061,518500.001,6671500.0,15.3334877,60.1799608,15,0
5180006697000,2081A0020,2081,518500.001,6697499.998,15.3358742,60.4134071,26,9
5180006698000,2081A0020,2081,518500.001,6698500.0,15.3359667,60.4223856,31,0
5180006699000,2081A0020,2081,518500.001,6699500.001,15.3360594,60.4313642,58,21
5180006708000,2081C1220,2081,518500.001,6708499.999,15.3368958,60.5121703,39,6
5180006709000,2081C1220,2081,518500.001,6709500.001,15.336989,60.5211488,43,10
5180006710000,2081C1220,2081,518500.001,6710499.997,15.3370823,60.5301271,31,0
5180006719000,2081A0020,2081,518500.001,6719500.0,15.3379247,60.6109321,9,0
5180006720000,2081A0020,2081,518500.001,6720500.002,15.3380186,60.6199104,5,0
5180006726000,2029A0020,2029,518500.001,6726500.0,15.3385833,60.6737797,3,0
5180006731000,2080A0050,2080,518500.001,6731500.003,15.3390555,60.7186705,33,13
5180006732000,2080A0050,2080,518500.001,6732499.999,15.3391501,60.7276486,31,6
5190006655000,2061A0020,2061,519499.999,6655500.002,15.3499862,60.0362511,3,0
5190006666000,2061C1040,2061,519499.999,6666500.003,15.3510347,60.1350199,7,0
5190006667000,2061C1040,2061,519499.999,6667500.0,15.3511303,60.1439987,35,9
5190006668000,2061C1040,2061,519499.999,6668500.001,15.3512261,60.1529776,102,41
5190006669000,2061C1040,2061,519499.999,6669500.003,15.3513219,60.1619565,32,19
5190006670000,2061A0030,2061,519499.999,6670499.999,15.3514177,60.1709354,7,0
5190006671000,2061A0030,2061,519499.999,6671500.0,15.3515136,60.1799142,15,3
5190006697000,2081A0020,2081,519499.999,6697499.998,15.3540291,60.4133601,26,6
5190006698000,2081A0020,2081,519499.999,6698500.0,15.3541267,60.4223386,55,14
5190006699000,2081A0020,2081,519499.999,6699500.001,15.3542243,60.4313171,35,11
5190006700000,2081A0020,2081,519499.999,6700500.003,15.354322,60.4402956,19,6
5190006703000,2081C1040,2081,519499.999,6703500.002,15.3546155,60.4672311,455,106
5190006704000,2081C1040,2081,519499.999,6704499.998,15.3547135,60.4762095,158,30
5190006708000,2081C1220,2081,519499.999,6708499.999,15.355106,60.5121231,147,31
5190006709000,2081C1220,2081,519499.999,6709500.001,15.3552042,60.5211015,23,4
5190006710000,2081C1220,2081,519499.999,6710499.997,15.3553026,60.5300799,175,40
5190006711000,2081C1220,2081,519499.999,6711499.999,15.355401,60.5390583,3,3
5190006713000,2081A0020,2081,519499.999,6713500.001,15.355598,60.557015,20,6
5190006718000,2081A0020,2081,519499.999,6718499.999,15.3560916,60.6019064,10,0
5190006719000,2081A0020,2081,519499.999,6719500.0,15.3561905,60.6108847,3,0
5190006725000,2029A0020,2029,519499.999,6725499.999,15.3567853,60.664754,3,0
5190006726000,2029A0020,2029,519499.999,6726500.0,15.3568846,60.6737322,6,0
5190006731000,2080A0050,2080,519499.999,6731500.003,15.3573824,60.718623,10,3
5190006732000,2080A0050,2080,519499.999,6732499.999,15.3574821,60.727601,16,12
5190006734000,2080A0050,2080,519499.999,6734500.002,15.3576818,60.7455572,3,6
5190006736000,2080A0050,2080,519499.999,6736500.0,15.3578817,60.7635133,17,3
5190006743000,2029A0020,2029,519499.999,6743500.0,15.3585835,60.8263594,4,0
5200006640000,2061A0010,2061,520499.998,6640500.0,15.3664431,59.9015156,3,3
5200006666000,2061C1040,2061,520499.998,6666500.003,15.369036,60.1349709,13,3
5200006667000,2061C1040,2061,520499.998,6667500.0,15.3691366,60.1439498,139,44
5200006668000,2061C1040,2061,520499.998,6668500.001,15.3692372,60.1529287,337,107
5200006679000,2061A0030,2061,520499.998,6679499.997,15.3703485,60.2516954,6,3
5200006682000,2082A0010,2082,520499.998,6682500.001,15.370653,60.2786316,3,3
5200006685000,2082A0010,2082,520499.998,6685500.001,15.370958,60.3055676,11,9
5200006686000,2082A0010,2082,520499.998,6686500.002,15.3710598,60.3145463,42,17
5200006687000,2082A0010,2082,520499.998,6687499.999,15.3711617,60.3235249,24,6
5200006688000,2082A0010,2082,520499.998,6688500.0,15.3712636,60.3325035,4,3
5200006689000,2081A0020,2081,520499.998,6689500.002,15.3713656,60.3414822,3,0
5200006693000,2081A0020,2081,520499.998,6693499.997,15.3717743,60.3773965,9,0
5200006694000,2081A0020,2081,520499.998,6694499.999,15.3718766,60.386375,36,18
5200006696000,2081A0020,2081,520499.998,6696499.997,15.3720814,60.4043321,13,4
5200006697000,2081A0020,2081,520499.998,6697499.998,15.372184,60.4133106,82,18
5200006698000,2081A0020,2081,520499.998,6698500.0,15.3722865,60.4222891,9,0
5200006699000,2081A0020,2081,520499.998,6699500.001,15.3723892,60.4312676,26,3
5200006702000,2081C1060,2081,520499.998,6702500.001,15.3726976,60.458203,19,7
5200006703000,2081C1040,2081,520499.998,6703500.002,15.3728005,60.4671815,1525,202
5200006704000,2081C1060,2081,520499.998,6704499.998,15.3729035,60.4761599,819,178
5200006706000,2081C1170,2081,520499.998,6706500.001,15.3731096,60.4941167,170,6
5200006707000,2081C1170,2081,520499.998,6707499.998,15.3732128,60.5030951,45,13
5200006708000,2081C1220,2081,520499.998,6708499.999,15.373316,60.5120735,22,3
5200006709000,2081C1220,2081,520499.998,6709500.001,15.3734194,60.5210518,61,24
5200006710000,2081C1220,2081,520499.998,6710499.997,15.3735227,60.5300302,9,3
5200006711000,2081C1220,2081,520499.998,6711499.999,15.3736262,60.5390085,4,3
5200006713000,2081A0020,2081,520499.998,6713500.001,15.3738333,60.5569652,20,3
5200006715000,2080A0020,2080,520499.998,6715499.999,15.3740406,60.5749218,5,0
5200006716000,2080A0020,2080,520499.998,6716500.001,15.3741444,60.5839001,3,0
5200006717000,2081A0020,2081,520499.998,6717500.002,15.3742483,60.5928784,7,0
5200006719000,2080A0020,2080,520499.998,6719500.0,15.3744562,60.6108348,3,0
5200006726000,2029A0020,2029,520499.998,6726500.0,15.3751859,60.6736822,13,6
5200006730000,2029A0020,2029,520499.998,6730500.001,15.3756044,60.7095947,4,0
5200006732000,2080A0050,2080,520499.998,6732499.999,15.375814,60.7275509,20,7
5200006734000,2080A0050,2080,520499.998,6734500.002,15.3760239,60.7455071,10,3
5200006735000,2080A0050,2080,520499.998,6735499.998,15.376129,60.7544851,15,9
5200006736000,2080A0050,2080,520499.998,6736500.0,15.3762341,60.7634631,3,3
5200006737000,2080A0050,2080,520499.998,6737500.001,15.3763393,60.7724412,15,6
5200006742000,2029A0020,2029,520499.998,6742499.999,15.3768663,60.8173311,22,3
5200006760000,2031A0010,2031,520499.998,6760500.0,15.3787777,60.9789324,3,0
5210006648000,2061A0010,2061,521500.0,6648499.997,15.3851499,59.9732978,3,3
5210006664000,2061A0020,2061,521500.0,6664500.0,15.3868265,60.1169618,3,0
5210006665000,2061A0020,2061,521500.0,6665500.002,15.3869319,60.1259407,18,3
5210006666000,2061C1010,2061,521500.0,6666500.003,15.3870373,60.1349196,30,16
5210006667000,2061C1040,2061,521500.0,6667500.0,15.3871428,60.1438984,368,108
5210006668000,2061C1040,2061,521500.0,6668500.001,15.3872484,60.1528773,240,72
5210006685000,2082A0010,2082,521500.0,6685500.001,15.3890531,60.3055159,14,3
5210006687000,2082A0010,2082,521500.0,6687499.999,15.3892667,60.3234731,6,3
5210006688000,2082A0010,2082,521500.0,6688500.0,15.3893736,60.3324517,10,3
5210006689000,2081A0020,2081,521500.0,6689500.002,15.3894806,60.3414304,8,4
5210006693000,2081A0020,2081,521500.0,6693499.997,15.3899092,60.3773446,13,0
5210006694000,2081A0020,2081,521500.0,6694499.999,15.3900165,60.3863231,8,7
5210006696000,2081A0020,2081,521500.0,6696499.997,15.3902313,60.4042801,147,30
5210006697000,2081A0020,2081,521500.0,6697499.998,15.3903388,60.4132586,42,16
5210006698000,2081A0020,2081,521500.0,6698500.0,15.3904464,60.4222371,35,10
5210006699000,2081A0020,2081,521500.0,6699500.001,15.3905541,60.4312156,22,9
5210006700000,2081A0020,2081,521500.0,6700500.003,15.3906618,60.4401941,26,7
5210006701000,2081C1060,2081,521500.0,6701499.999,15.3907696,60.4491725,62,11
5210006702000,2081C1060,2081,521500.0,6702500.001,15.3908775,60.458151,117,25
5210006703000,2081C1060,2081,521500.0,6703500.002,15.3909854,60.4671294,357,77
5210006704000,2081C1060,2081,521500.0,6704499.998,15.3910934,60.4761078,786,250
5210006705000,2081C1120,2081,521500.0,6705500.0,15.3912015,60.4850862,1167,226
5210006706000,2081C1170,2081,521500.0,6706500.001,15.3913096,60.4940646,2306,269
5210006707000,2081C1170,2081,521500.0,6707499.998,15.3914179,60.5030429,549,131
5210006708000,2081C1220,2081,521500.0,6708499.999,15.3915261,60.5120213,524,151
5210006709000,2081C1220,2081,521500.0,6709500.001,15.3916345,60.5209997,623,149
5210006712000,2081A0020,2081,521500.0,6712500.0,15.39196,60.5479346,53,4
5210006713000,2081A0020,2081,521500.0,6713500.001,15.3920686,60.5569129,15,3
5210006714000,2080A0020,2080,521500.0,6714500.003,15.3921773,60.5658912,3,0
5210006715000,2080A0020,2080,521500.0,6715499.999,15.3922861,60.5748695,13,0
5210006716000,2080A0020,2080,521500.0,6716500.001,15.3923949,60.5838478,9,3
5210006717000,2081A0020,2081,521500.0,6717500.002,15.3925038,60.592826,12,0
5210006729000,2029A0020,2029,521500.0,6729500.0,15.3938163,60.7005641,9,0
5210006730000,2080A0050,2080,521500.0,6730500.001,15.3939261,60.7095422,9,3
5210006733000,2080A0050,2080,521500.0,6733500.001,15.394256,60.7364764,3,3
5210006734000,2080A0050,2080,521500.0,6734500.002,15.3943661,60.7454544,15,9
5210006735000,2080A0050,2080,521500.0,6735499.998,15.3944763,60.7544324,12,0
5210006736000,2080A0050,2080,521500.0,6736500.0,15.3945866,60.7634104,8,0
5210006737000,2080A0050,2080,521500.0,6737500.001,15.3946969,60.7723885,75,6
5210006738000,2080A0050,2080,521500.0,6738499.998,15.3948073,60.7813664,8,3
5210006742000,2029A0020,2029,521500.0,6742499.999,15.3952496,60.8172783,6,0
5210006785000,2031A0020,2031,521500.0,6785500.001,15.4000777,61.2033184,3,3
5210006786000,2031A0020,2031,521500.0,6786499.998,15.4001916,61.2122958,21,11
5210006787000,2031A0020,2031,521500.0,6787499.999,15.4003056,61.2212732,8,3
5220006641000,2061A0010,2061,522500.002,6641500.002,15.4023014,59.9103905,3,0
5220006647000,2061A0010,2061,522500.002,6647500.001,15.4029544,59.9642653,3,6
5220006648000,2061A0010,2061,522500.002,6648499.997,15.4030634,59.9732443,4,0
5220006655000,2061A0010,2061,522500.002,6655500.002,15.4038289,60.0360976,3,0
5220006665000,2061C1010,2061,522500.002,6665500.002,15.4049283,60.1258869,11,0
5220006666000,2061C1010,2061,522500.002,6666500.003,15.4050386,60.1348657,139,35
5220006667000,2061C1010,2061,522500.002,6667500.0,15.405149,60.1438446,1082,277
5220006668000,2061C1020,2061,522500.002,6668500.001,15.4052594,60.1528234,406,97
5220006685000,2082A0010,2082,522500.002,6685500.001,15.4071481,60.3054617,18,0
5220006687000,2082A0010,2082,522500.002,6687499.999,15.4073716,60.3234189,3,3
5220006688000,2082A0010,2082,522500.002,6688500.0,15.4074835,60.3323975,27,3
5220006689000,2082A0010,2082,522500.002,6689500.002,15.4075955,60.3413761,77,28
5220006697000,2081A0020,2081,522500.002,6697499.998,15.4084936,60.4132042,42,4
5220006698000,2081A0020,2081,522500.002,6698500.0,15.4086062,60.4221827,20,3
5220006699000,2081A0020,2081,522500.002,6699500.001,15.4087189,60.4311612,13,3
5220006700000,2081A0010,2081,522500.002,6700500.003,15.4088316,60.4401396,6,0
5220006701000,2081A0010,2081,522500.002,6701499.999,15.4089445,60.449118,15,9
5220006702000,2081C1060,2081,522500.002,6702500.001,15.4090573,60.4580964,43,16
5220006703000,2081C1060,2081,522500.002,6703500.002,15.4091703,60.4670748,4,3
5220006704000,2081C1060,2081,522500.002,6704499.998,15.4092833,60.4760532,533,89
5220006705000,2081C1100,2081,522500.002,6705500.0,15.4093964,60.4850316,1880,196
5220006706000,2081C1150,2081,522500.002,6706500.001,15.4095096,60.49401,2943,357
5220006707000,2081C1180,2081,522500.002,6707499.998,15.4096229,60.5029883,2062,515
5220006708000,2081C1200,2081,522500.002,6708499.999,15.4097362,60.5119667,1692,436
5220006709000,2081C1200,2081,522500.002,6709500.001,15.4098496,60.520945,1343,327
5220006710000,2081C1220,2081,522500.002,6710499.997,15.409963,60.5299233,48,12
5220006711000,2081C1220,2081,522500.002,6711499.999,15.4100766,60.5389016,37,6
5220006712000,2081A0020,2081,522500.002,6712500.0,15.4101902,60.5478799,49,11
5220006713000,2081A0020,2081,522500.002,6713500.001,15.4103039,60.5568582,24,0
5220006714000,2080A0020,2080,522500.002,6714500.003,15.4104176,60.5658365,52,11
5220006716000,2080A0020,2080,522500.002,6716500.001,15.4106454,60.583793,11,5
5220006720000,2080A0020,2080,522500.002,6720500.002,15.4111017,60.6197058,6,0
5220006721000,2080A0020,2080,522500.002,6721499.998,15.411216,60.628684,5,0
5220006728000,2080A0050,2080,522500.002,6728499.998,15.4120179,60.6915309,23,6
5220006729000,2080A0050,2080,522500.002,6729500.0,15.4121328,60.700509,26,7
5220006732000,2080B2010,2080,522500.002,6732499.999,15.4124778,60.7274432,3,3
5220006733000,2080A0050,2080,522500.002,6733500.001,15.412593,60.7364212,23,9
5220006734000,2080A0050,2080,522500.002,6734500.002,15.4127082,60.7453992,76,19
5220006735000,2080A0050,2080,522500.002,6735499.998,15.4128235,60.7543772,3,3
5220006736000,2080A0050,2080,522500.002,6736500.0,15.4129389,60.7633552,14,0
5220006737000,2080A0050,2080,522500.002,6737500.001,15.4130544,60.7723332,23,10
5220006738000,2080A0050,2080,522500.002,6738499.998,15.4131699,60.7813112,8,0
5220006786000,2031A0020,2031,522500.002,6786499.998,15.4188047,61.2122395,7,3
5220006787000,2031A0020,2031,522500.002,6787499.999,15.4189239,61.2212169,3,0
5230006649000,2061A0010,2061,523500.001,6649499.999,15.4210908,59.9821675,7,13
5230006665000,2061C1010,2061,523500.001,6665500.002,15.4229245,60.1258306,8,9
5230006666000,2061C1010,2061,523500.001,6666500.003,15.4230397,60.1348095,64,18
5230006667000,2061C1030,2061,523500.001,6667500.0,15.423155,60.1437883,1558,508
5230006668000,2061C1030,2061,523500.001,6668500.001,15.4232704,60.1527671,517,179
5230006669000,2061C1030,2061,523500.001,6669500.003,15.4233858,60.1617459,28,3
5230006670000,2061A0030,2061,523500.001,6670499.999,15.4235013,60.1707247,28,7
5230006671000,2061A0030,2061,523500.001,6671500.0,15.4236169,60.1797035,7,0
5230006673000,2061A0030,2061,523500.001,6673499.998,15.4238483,60.197661,13,3
5230006674000,2061A0030,2061,523500.001,6674500.0,15.4239641,60.2066397,8,0
5230006675000,2061A0030,2061,523500.001,6675500.001,15.42408,60.2156185,3,3
5230006676000,2061A0030,2061,523500.001,6676499.998,15.424196,60.2245971,11,3
5230006684000,2082A0010,2082,523500.001,6684499.999,15.4251263,60.2964264,3,0
5230006685000,2082A0010,2082,523500.001,6685500.001,15.425243,60.305405,53,19
5230006686000,2082A0010,2082,523500.001,6686500.002,15.4253597,60.3143837,7,7
5230006688000,2082A0010,2082,523500.001,6688500.0,15.4255933,60.3323408,9,3
5230006689000,2082A0010,2082,523500.001,6689500.002,15.4257102,60.3413193,3,0
5230006697000,2081A0020,2081,523500.001,6697499.998,15.4266483,60.4131473,77,16
5230006698000,2081A0020,2081,523500.001,6698500.0,15.4267659,60.4221258,39,6
5230006699000,2081A0010,2081,523500.001,6699500.001,15.4268836,60.4311042,11,3
5230006701000,2081A0010,2081,523500.001,6701499.999,15.4271192,60.449061,60,12
5230006702000,2081C1020,2081,523500.001,6702500.001,15.4272371,60.4580394,44,9
5230006704000,2081C1080,2081,523500.001,6704499.998,15.4274731,60.4759962,535,93
5230006705000,2081C1130,2081,523500.001,6705500.0,15.4275912,60.4849745,4845,1067
5230006706000,2081C1130,2081,523500.001,6706500.001,15.4277094,60.4939529,2858,722
5230006707000,2081C1160,2081,523500.001,6707499.998,15.4278277,60.5029312,1600,351
5230006708000,2081C1230,2081,523500.001,6708499.999,15.4279461,60.5119095,544,146
5230006709000,2081C1230,2081,523500.001,6709500.001,15.4280645,60.5208878,21,9
5230006710000,2081C1230,2081,523500.001,6710499.997,15.428183,60.5298661,30,21
5230006711000,2081A0020,2081,523500.001,6711499.999,15.4283016,60.5388444,44,19
5230006712000,2081A0020,2081,523500.001,6712500.0,15.4284202,60.5478227,90,15
5230006713000,2080A0020,2080,523500.001,6713500.001,15.428539,60.556801,45,14
5230006715000,2080A0020,2080,523500.001,6715499.999,15.4287767,60.5747574,6,6
5230006716000,2080A0020,2080,523500.001,6716500.001,15.4288956,60.5837357,27,8
5230006717000,2080A0020,2080,523500.001,6717500.002,15.4290147,60.5927139,9,3
5230006728000,2080A0020,2080,523500.001,6728499.998,15.4303292,60.6914733,15,3
5230006732000,2080B2010,2080,523500.001,6732499.999,15.4308096,60.7273855,111,32
5230006733000,2080B2010,2080,523500.001,6733500.001,15.4309298,60.7363635,257,86
5230006734000,2080B2010,2080,523500.001,6734500.002,15.4310502,60.7453416,269,62
5230006735000,2080B2010,2080,523500.001,6735499.998,15.4311706,60.7543195,23,6
5230006736000,2080A0050,2080,523500.001,6736500.0,15.4312911,60.7632975,36,3
5230006737000,2080A0050,2080,523500.001,6737500.001,15.4314117,60.7722755,25,0
5230006738000,2080A0050,2080,523500.001,6738499.998,15.4315324,60.7812534,3,0
5240006641000,2061A0010,2061,524499.999,6641500.002,15.4380603,59.9102766,3,0
5240006642000,2061A0010,2061,524499.999,6642499.998,15.4381786,59.9192556,8,3
5240006643000,2061A0010,2061,524499.999,6643500.0,15.438297,59.9282348,42,22
5240006644000,2061A0010,2061,524499.999,6644500.001,15.4384154,59.9372139,11,3
5240006649000,2061A0010,2061,524499.999,6649499.999,15.4390089,59.9821091,5,0
5240006650000,2061A0010,2061,524499.999,6650500.0,15.4391278,59.9910881,3,3
5240006665000,2061A0020,2061,524499.999,6665500.002,15.4409206,60.1257719,6,6
5240006666000,2061C1010,2061,524499.999,6666500.003,15.4410408,60.1347508,31,7
5240006667000,2061C1030,2061,524499.999,6667500.0,15.441161,60.1437295,18,4
5240006668000,2061A0030,2061,524499.999,6668500.001,15.4412812,60.1527083,62,27
5240006669000,2061A0030,2061,524499.999,6669500.003,15.4414016,60.1616871,169,50
5240006670000,2061A0030,2061,524499.999,6670499.999,15.441522,60.1706659,31,16
5240006672000,2061A0030,2061,524499.999,6672500.002,15.4417631,60.1886234,3,0
5240006673000,2061A0030,2061,524499.999,6673499.998,15.4418838,60.1976021,3,0
5240006682000,2082A0010,2082,524499.999,6682500.001,15.4429732,60.2784101,4,0
5240006684000,2082A0010,2082,524499.999,6684499.999,15.4432162,60.2963673,4,6
5240006685000,2082A0010,2082,524499.999,6685500.001,15.4433378,60.3053459,3,0
5240006687000,2082A0010,2082,524499.999,6687499.999,15.4435812,60.323303,3,0
5240006688000,2082A0010,2082,524499.999,6688500.0,15.443703,60.3322816,6,6
5240006697000,2081A0010,2081,524499.999,6697499.998,15.4448029,60.4130879,3,0
5240006698000,2081A0010,2081,524499.999,6698500.0,15.4449255,60.4220664,94,29
5240006699000,2081A0010,2081,524499.999,6699500.001,15.4450482,60.4310448,16,3
5240006700000,2081A0010,2081,524499.999,6700500.003,15.4451709,60.4400232,17,3
5240006701000,2081C1020,2081,524499.999,6701499.999,15.4452938,60.4490016,33,3
5240006702000,2081C1020,2081,524499.999,6702500.001,15.4454167,60.4579799,604,132
5240006703000,2081C1050,2081,524499.999,6703500.002,15.4455397,60.4669583,1187,309
5240006704000,2081C1050,2081,524499.999,6704499.998,15.4456628,60.4759366,1692,405
5240006705000,2081C1090,2081,524499.999,6705500.0,15.4457859,60.484915,796,162
5240006706000,2081C1160,2081,524499.999,6706500.001,15.4459092,60.4938933,286,68
5240006707000,2081C1210,2081,524499.999,6707499.998,15.4460325,60.5028716,1101,163
5240006708000,2081C1210,2081,524499.999,6708499.999,15.4461559,60.5118499,185,40
5240006709000,2081C1210,2081,524499.999,6709500.001,15.4462793,60.5208282,450,85
5240006714000,2080A0020,2080,524499.999,6714500.003,15.4468979,60.5657195,100,20
5240006715000,2080A0020,2080,524499.999,6715499.999,15.4470218,60.5746977,46,4
5240006716000,2080A0020,2080,524499.999,6716500.001,15.4471459,60.5836759,57,9
5240006717000,2080A0020,2080,524499.999,6717500.002,15.44727,60.5926541,18,0
5240006719000,2080A0020,2080,524499.999,6719500.0,15.4475184,60.6106104,8,3
5240006720000,2080A0020,2080,524499.999,6720500.002,15.4476428,60.6195886,8,4
5240006725000,2080A0020,2080,524499.999,6725499.999,15.4482657,60.6644791,5,0
5240006728000,2080B5010,2080,524499.999,6728499.998,15.4486404,60.6914133,97,24
5240006729000,2080B5010,2080,524499.999,6729500.0,15.4487655,60.7003913,3,3
5240006731000,2080B2010,2080,524499.999,6731500.003,15.4490159,60.7183474,46,5
5240006732000,2080B2010,2080,524499.999,6732499.999,15.4491412,60.7273254,98,19
5240006733000,2080B2020,2080,524499.999,6733500.001,15.4492666,60.7363034,542,192
5240006734000,2080B2010,2080,524499.999,6734500.002,15.4493921,60.7452814,101,24
5240006735000,2080A0050,2080,524499.999,6735499.998,15.4495176,60.7542593,6,0
5240006737000,2080A0050,2080,524499.999,6737500.001,15.449769,60.7722152,4,0
5240006738000,2080A0050,2080,524499.999,6738499.998,15.4498948,60.7811931,7,7
5240006791000,2031A0020,2031,524499.999,6791500.0,15.4566806,61.257006,4,0
5250006640000,2061A0010,2061,525499.997,6640500.0,15.4558165,59.9012368,8,3
5250006641000,2061A0010,2061,525499.997,6641500.002,15.4559396,59.910216,7,3
5250006642000,2061A0010,2061,525499.997,6642499.998,15.4560627,59.919195,3,0
5250006644000,2061A0010,2061,525499.997,6644500.001,15.4563093,59.9371532,3,0
5250006657000,2061A0010,2061,525499.997,6657500.0,15.4579193,60.05388,3,0
5250006662000,2061A0020,2061,525499.997,6662499.997,15.4585421,60.0987743,12,3
5250006668000,2061A0030,2061,525499.997,6668500.001,15.459292,60.1526471,17,3
5250006669000,2061A0030,2061,525499.997,6669500.003,15.4594173,60.1616259,72,9
5250006670000,2061A0030,2061,525499.997,6670499.999,15.4595426,60.1706046,22,6
5250006671000,2061A0030,2061,525499.997,6671500.0,15.4596681,60.1795834,12,0
5250006672000,2061A0030,2061,525499.997,6672500.002,15.4597936,60.1885621,12,6
5250006681000,2082A0010,2082,525499.997,6681500.0,15.4609267,60.26937,3,3
5250006682000,2082A0010,2082,525499.997,6682500.001,15.4610531,60.2783486,12,10
5250006683000,2082A0010,2082,525499.997,6683500.003,15.4611794,60.2873272,3,0
5250006687000,2082A0010,2082,525499.997,6687499.999,15.4616858,60.3232414,4,3
5250006689000,2082A0010,2082,525499.997,6689500.002,15.4619395,60.3411985,3,0
5250006697000,2081A0010,2081,525499.997,6697499.998,15.4629574,60.4130261,27,7
5250006698000,2081A0010,2081,525499.997,6698500.0,15.463085,60.4220045,5,0
5250006699000,2081C1010,2081,525499.997,6699500.001,15.4632127,60.4309829,16,3
5250006700000,2081C1010,2081,525499.997,6700500.003,15.4633405,60.4399613,51,16
5250006701000,2081C1010,2081,525499.997,6701499.999,15.4634683,60.4489396,16,6
5250006702000,2081C1020,2081,525499.997,6702500.001,15.4635963,60.457918,583,120
5250006703000,2081C1030,2081,525499.997,6703500.002,15.4637243,60.4668963,628,123
5250006704000,2081C1030,2081,525499.997,6704499.998,15.4638524,60.4758746,1002,273
5250006705000,2081C1110,2081,525499.997,6705500.0,15.4639805,60.4848529,258,59
5250006706000,2081C1110,2081,525499.997,6706500.001,15.4641088,60.4938313,45,6
5250006707000,2081C1110,2081,525499.997,6707499.998,15.4642372,60.5028095,1349,326
5250006708000,2081C1210,2081,525499.997,6708499.999,15.4643656,60.5117878,28,7
5250006712000,2080A0020,2080,525499.997,6712500.0,15.4648801,60.5477008,3,3
5250006713000,2080A0020,2080,525499.997,6713500.001,15.465009,60.556679,27,6
5250006714000,2080A0020,2080,525499.997,6714500.003,15.4651379,60.5656572,20,6
5250006715000,2080A0020,2080,525499.997,6715499.999,15.4652669,60.5746354,87,10
5250006716000,2080A0020,2080,525499.997,6716500.001,15.465396,60.5836136,34,9
5250006717000,2080A0020,2080,525499.997,6717500.002,15.4655252,60.5925918,7,10
5250006718000,2080A0020,2080,525499.997,6718499.999,15.4656544,60.6015699,3,0
5250006727000,2080B5010,2080,525499.997,6727499.997,15.4668215,60.6823727,19,9
5250006728000,2080B5010,2080,525499.997,6728499.998,15.4669516,60.6913507,87,33
5250006731000,2080B2020,2080,525499.997,6731500.003,15.4673423,60.7182848,3,4
5250006732000,2080B2020,2080,525499.997,6732499.999,15.4674728,60.7272627,47,24
5250006733000,2080B2020,2080,525499.997,6733500.001,15.4676033,60.7362407,222,54
5250006734000,2080B2020,2080,525499.997,6734500.002,15.4677339,60.7452187,201,42
5250006735000,2080B2020,2080,525499.997,6735499.998,15.4678645,60.7541966,3,0
5250006737000,2080A0050,2080,525499.997,6737500.001,15.4681262,60.7721525,28,9
5250006738000,2080A0050,2080,525499.997,6738499.998,15.4682571,60.7811304,39,10
5250006739000,2080A0050,2080,525499.997,6739499.999,15.4683881,60.7901083,3,0
5260006640000,2061A0010,2061,526500.0,6640500.0,15.473691,59.9011738,5,3
5260006641000,2061A0010,2061,526500.0,6641500.002,15.4738189,59.9101529,6,3
5260006643000,2061A0010,2061,526500.0,6643500.0,15.474075,59.928111,3,0
5260006644000,2061A0010,2061,526500.0,6644500.001,15.4742031,59.9370901,3,0
5260006663000,2061A0020,2061,526500.0,6663499.999,15.4766531,60.1076896,4,5
5260006664000,2061A0020,2061,526500.0,6664500.0,15.4767829,60.1166684,5,0
5260006665000,2061A0020,2061,526500.0,6665500.002,15.4769128,60.1256472,3,5
5260006667000,2061A0030,2061,526500.0,6667500.0,15.4771727,60.1436047,3,0
5260006668000,2061A0030,2061,526500.0,6668500.001,15.4773028,60.1525835,10,4
5260006669000,2061A0030,2061,526500.0,6669500.003,15.477433,60.1615622,4,0
5260006674000,2061A0030,2061,526500.0,6674500.0,15.4780851,60.2064557,12,12
5260006675000,2061A0030,2061,526500.0,6675500.001,15.4782158,60.2154344,31,11
5260006677000,2061A0030,2061,526500.0,6677499.999,15.4784774,60.2333916,3,0
5260006678000,2061A0030,2061,526500.0,6678500.001,15.4786083,60.2423703,5,7
5260006679000,2061A0030,2061,526500.0,6679499.997,15.4787393,60.2513489,13,0
5260006697000,2081A0010,2081,526500.0,6697499.998,15.4811119,60.4129618,17,11
5260006699000,2081C1010,2081,526500.0,6699500.001,15.4813772,60.4309185,44,13
5260006700000,2081C1010,2081,526500.0,6700500.003,15.48151,60.4398969,425,163
5260006701000,2081C1010,2081,526500.0,6701499.999,15.4816429,60.4488752,367,59
5260006702000,2081C1030,2081,526500.0,6702500.001,15.4817758,60.4578535,14,3
5260006703000,2081C1030,2081,526500.0,6703500.002,15.4819088,60.4668319,466,126
5260006704000,2081C1110,2081,526500.0,6704499.998,15.482042,60.4758101,259,89
5260006705000,2081C1110,2081,526500.0,6705500.0,15.4821752,60.4847884,26,0
5260006706000,2081C1110,2081,526500.0,6706500.001,15.4823085,60.4937667,83,23
5260006707000,2081C1110,2081,526500.0,6707499.998,15.4824418,60.502745,243,40
5260006712000,2080A0020,2080,526500.0,6712500.0,15.48311,60.5476361,7,0
5260006713000,2080A0020,2080,526500.0,6713500.001,15.4832439,60.5566143,45,6
5260006714000,2080A0020,2080,526500.0,6714500.003,15.4833779,60.5655925,29,10
5260006715000,2080A0020,2080,526500.0,6715499.999,15.4835119,60.5745706,32,7
5260006716000,2080A0020,2080,526500.0,6716500.001,15.4836461,60.5835488,8,0
5260006717000,2080A0020,2080,526500.0,6717500.002,15.4837803,60.592527,10,4
5260006725000,2080A0020,2080,526500.0,6725499.999,15.4848574,60.6643516,4,0
5260006726000,2080B5010,2080,526500.0,6726500.0,15.4849924,60.6733297,21,6
5260006727000,2080B5010,2080,526500.0,6727499.997,15.4851275,60.6823077,165,47
5260006728000,2080B5010,2080,526500.0,6728499.998,15.4852627,60.6912857,981,244
5260006729000,2080B5010,2080,526500.0,6729500.0,15.4853979,60.7002637,121,18
5260006732000,2080B2020,2080,526500.0,6732499.999,15.4858043,60.7271976,6,4
5260006733000,2080B2020,2080,526500.0,6733500.001,15.4859399,60.7361755,38,12
5260006734000,2080B2020,2080,526500.0,6734500.002,15.4860757,60.7451535,4,0
5260006735000,2080B2020,2080,526500.0,6735499.998,15.4862115,60.7541314,9,6
5260006736000,2080A0050,2080,526500.0,6736500.0,15.4863474,60.7631093,20,9
5260006737000,2080A0050,2080,526500.0,6737500.001,15.4864833,60.7720872,3,0
5260006738000,2080A0050,2080,526500.0,6738499.998,15.4866194,60.7810651,7,6
5260006739000,2080A0050,2080,526500.0,6739499.999,15.4867556,60.7900429,3,0
5270006647000,2061A0010,2061,527500.002,6647500.001,15.4924963,59.9639615,9,3
5270006656000,2061A0010,2061,527500.002,6656499.999,15.4936991,60.0447718,5,0
5270006657000,2061A0010,2061,527500.002,6657500.0,15.4938331,60.0537507,6,6
5270006664000,2061A0020,2061,527500.002,6664500.0,15.494774,60.1166024,4,0
5270006667000,2061A0030,2061,527500.002,6667500.0,15.4951785,60.1435386,3,6
5270006668000,2061A0030,2061,527500.002,6668500.001,15.4953135,60.1525174,3,0
5270006669000,2061A0030,2061,527500.002,6669500.003,15.4954486,60.1614961,48,17
5270006674000,2061A0030,2061,527500.002,6674500.0,15.4961253,60.2063895,9,6
5270006675000,2061A0030,2061,527500.002,6675500.001,15.496261,60.2153681,7,3
5270006680000,2082A0010,2082,527500.002,6680499.999,15.4969403,60.2602611,6,3
5270006683000,2082A0010,2082,527500.002,6683500.003,15.4973489,60.2871968,3,0
5270006691000,2082A0010,2082,527500.002,6691500.0,15.4984425,60.3590246,21,3
5270006692000,2082A0010,2082,527500.002,6692500.001,15.4985796,60.368003,3,6
5270006696000,2081A0010,2081,527500.002,6696499.997,15.4991288,60.4039166,16,6
5270006697000,2081A0010,2081,527500.002,6697499.998,15.4992663,60.412895,6,0
5270006699000,2081C1010,2081,527500.002,6699500.001,15.4995416,60.4308517,59,10
5270006700000,2081C1010,2081,527500.002,6700500.003,15.4996794,60.43983,453,131
5270006701000,2081C1010,2081,527500.002,6701499.999,15.4998173,60.4488083,36,13
5270006702000,2081C1010,2081,527500.002,6702500.001,15.4999553,60.4577866,44,6
5270006703000,2081C1030,2081,527500.002,6703500.002,15.5000933,60.4667649,46,6
5270006704000,2081C1110,2081,527500.002,6704499.998,15.5002315,60.4757432,96,19
5270006705000,2081A0030,2081,527500.002,6705500.0,15.5003697,60.4847214,9,3
5270006706000,2081A0030,2081,527500.002,6706500.001,15.500508,60.4936997,4,0
5270006707000,2081C1110,2081,527500.002,6707499.998,15.5006464,60.5026779,46,13
5270006712000,2080A0020,2080,527500.002,6712500.0,15.5013398,60.547569,59,12
5270006713000,2080A0020,2080,527500.002,6713500.001,15.5014788,60.5565471,83,15
5270006714000,2080A0020,2080,527500.002,6714500.003,15.5016178,60.5655253,49,9
5270006715000,2080A0020,2080,527500.002,6715499.999,15.5017569,60.5745034,12,0
5270006716000,2080A0020,2080,527500.002,6716500.001,15.5018961,60.5834816,11,0
5270006717000,2080A0020,2080,527500.002,6717500.002,15.5020354,60.5924597,12,0
5270006726000,2080B5010,2080,527500.002,6726500.0,15.5032932,60.6732622,3,0
5270006727000,2080B5010,2080,527500.002,6727499.997,15.5034334,60.6822401,356,75
5270006728000,2080B5010,2080,527500.002,6728499.998,15.5035737,60.6912181,14,6
5270006732000,2080A0020,2080,527500.002,6732499.999,15.5041358,60.7271299,6,3
5270006734000,2080A0050,2080,527500.002,6734500.002,15.5044174,60.7450858,3,0
5270006735000,2080A0050,2080,527500.002,6735499.998,15.5045583,60.7540636,23,10
5270006738000,2080A0050,2080,527500.002,6738499.998,15.5049816,60.7809973,3,0
5280006656000,2061A0010,2061,528500.0,6656499.999,15.5116509,60.0447036,12,10
5280006657000,2061A0010,2061,528500.0,6657500.0,15.5117898,60.0536824,3,4
5280006660000,2061A0010,2061,528500.0,6660499.999,15.5122072,60.0806189,4,0
5280006661000,2061A0010,2061,528500.0,6661500.001,15.5123465,60.0895977,3,3
5280006663000,2061A0010,2061,528500.0,6663499.999,15.5126253,60.1075552,6,4
5280006665000,2061A0010,2061,528500.0,6665500.002,15.5129046,60.1255127,15,7
5280006666000,2061A0030,2061,528500.0,6666500.003,15.5130443,60.1344914,13,0
5280006667000,2061A0030,2061,528500.0,6667500.0,15.5131841,60.1434701,31,0
5280006669000,2061A0030,2061,528500.0,6669500.003,15.513464,60.1614275,19,3
5280006670000,2061A0030,2061,528500.0,6670499.999,15.5136041,60.1704062,19,7
5280006680000,2082A0010,2082,528500.0,6680499.999,15.51501,60.2601922,4,9
5280006681000,2082A0010,2082,528500.0,6681500.0,15.5151511,60.2691708,3,0
5280006683000,2082A0010,2082,528500.0,6683500.003,15.5154335,60.2871278,3,0
5280006696000,2081A0010,2081,528500.0,6696499.997,15.517278,60.4038473,63,18
5280006697000,2081A0010,2081,528500.0,6697499.998,15.5174206,60.4128257,39,9
5280006698000,2081C1010,2081,528500.0,6698500.0,15.5175632,60.421804,18,8
5280006699000,2081C1010,2081,528500.0,6699500.001,15.5177059,60.4307823,227,59
5280006700000,2081C1010,2081,528500.0,6700500.003,15.5178487,60.4397607,66,16
5280006702000,2081A0010,2081,528500.0,6702500.001,15.5181346,60.4577172,59,17
5280006703000,2081C1110,2081,528500.0,6703500.002,15.5182777,60.4666955,112,20
5280006704000,2081A0030,2081,528500.0,6704499.998,15.5184208,60.4756737,14,0
5280006705000,2081B2010,2081,528500.0,6705500.0,15.5185641,60.484652,13,7
5280006706000,2081B2010,2081,528500.0,6706500.001,15.5187074,60.4936302,64,17
5280006707000,2081B2010,2081,528500.0,6707499.998,15.5188509,60.5026084,104,23
5280006710000,2080A0020,2080,528500.0,6710499.997,15.5192817,60.529543,47,7
5280006711000,2080A0020,2080,528500.0,6711499.999,15.5194256,60.5385211,41,3
5280006712000,2080A0020,2080,528500.0,6712500.0,15.5195695,60.5474993,22,0
5280006713000,2080A0020,2080,528500.0,6713500.001,15.5197135,60.5564775,56,19
5280006714000,2080A0020,2080,528500.0,6714500.003,15.5198575,60.5654556,3,0
5280006717000,2080A0020,2080,528500.0,6717500.002,15.5202904,60.5923899,30,6
5280006718000,2080A0020,2080,528500.0,6718499.999,15.5204348,60.6013679,13,6
5280006719000,2080A0020,2080,528500.0,6719500.0,15.5205794,60.610346,5,0
5280006720000,2080A0020,2080,528500.0,6720500.002,15.520724,60.6193241,11,6
5280006726000,2080A0020,2080,528500.0,6726500.0,15.5215939,60.6731922,3,0
5280006727000,2080B5010,2080,528500.0,6727499.997,15.5217392,60.6821701,13,7
5280006728000,2080B5010,2080,528500.0,6728499.998,15.5218846,60.6911481,16,6
5280006744000,2029A0020,2029,528500.0,6744500.002,15.5242237,60.8347937,8,3
5290006656000,2061A0010,2061,529499.999,6656499.999,15.5296027,60.0446329,28,12
5290006657000,2061A0010,2061,529499.999,6657500.0,15.5297465,60.0536117,47,24
5290006658000,2061A0010,2061,529499.999,6658500.002,15.5298904,60.0625905,3,0
5290006659000,2061A0010,2061,529499.999,6659499.998,15.5300344,60.0715693,4,0
5290006660000,2061A0010,2061,529499.999,6660499.999,15.5301785,60.0805481,14,3
5290006661000,2061A0010,2061,529499.999,6661500.001,15.5303226,60.0895269,30,8
5290006662000,2061A0010,2061,529499.999,6662499.997,15.5304669,60.0985056,7,0
5290006666000,2061A0010,2061,529499.999,6666500.003,15.5310449,60.1344205,3,0
5290006667000,2061A0010,2061,529499.999,6667500.0,15.5311897,60.1433991,6,6
5290006668000,2061A0030,2061,529499.999,6668500.001,15.5313345,60.1523778,4,3
5290006669000,2061A0030,2061,529499.999,6669500.003,15.5314794,60.1613565,8,0
5290006670000,2061A0030,2061,529499.999,6670499.999,15.5316244,60.1703351,3,0
5290006685000,2082A0010,2082,529499.999,6685500.001,15.5338106,60.3050134,11,3
5290006689000,2082A0010,2082,529499.999,6689500.002,15.5343972,60.3409271,5,3
5290006690000,2082A0010,2082,529499.999,6690499.998,15.534544,60.3499055,3,0
5290006694000,2081A0010,2081,529499.999,6694499.999,15.5351324,60.385819,12,3
5290006695000,2081A0010,2081,529499.999,6695500.0,15.5352798,60.3947973,5,3
5290006696000,2081A0010,2081,529499.999,6696499.997,15.5354272,60.4037756,124,29
5290006697000,2081C1010,2081,529499.999,6697499.998,15.5355747,60.4127539,6,0
5290006698000,2081C1010,2081,529499.999,6698500.0,15.5357224,60.4217322,55,17
5290006699000,2081A0010,2081,529499.999,6699500.001,15.5358701,60.4307106,29,6
5290006701000,2081A0010,2081,529499.999,6701499.999,15.5361658,60.4486671,3,3
5290006702000,2081A0010,2081,529499.999,6702500.001,15.5363138,60.4576453,68,24
5290006703000,2081A0030,2081,529499.999,6703500.002,15.5364619,60.4666236,21,6
5290006704000,2081A0030,2081,529499.999,6704499.998,15.5366101,60.4756018,4,0
5290006705000,2081A0030,2081,529499.999,6705500.0,15.5367584,60.48458,54,0
5290006706000,2081A0030,2081,529499.999,6706500.001,15.5369067,60.4935582,26,0
5290006707000,2081B2010,2081,529499.999,6707499.998,15.5370552,60.5025364,592,153
5290006708000,2081B2010,2081,529499.999,6708499.999,15.5372038,60.5115146,321,82
5290006709000,2081B2010,2081,529499.999,6709500.001,15.5373524,60.5204927,11,3
5290006710000,2080A0020,2080,529499.999,6710499.997,15.5375012,60.5294709,3,0
5290006712000,2080A0020,2080,529499.999,6712500.0,15.537799,60.5474272,3,0
5290006713000,2080A0020,2080,529499.999,6713500.001,15.5379481,60.5564053,18,6
5290006716000,2080A0020,2080,529499.999,6716500.001,15.5383958,60.5833396,33,10
5290006717000,2080A0020,2080,529499.999,6717500.002,15.5385452,60.5923176,19,3
5290006718000,2080A0020,2080,529499.999,6718499.999,15.5386947,60.6012957,34,0
5290006719000,2080A0020,2080,529499.999,6719500.0,15.5388444,60.6102737,27,10
5290006720000,2080A0020,2080,529499.999,6720500.002,15.5389941,60.6192517,6,0
5290006725000,2080A0020,2080,529499.999,6725499.999,15.5397441,60.6641417,69,19
5290006733000,2080A0050,2080,529499.999,6733500.001,15.5409493,60.735965,12,10
5290006739000,2080A0050,2080,529499.999,6739499.999,15.5418572,60.7898319,4,3
5290006740000,2080A0050,2080,529499.999,6740500.001,15.5420089,60.7988097,6,0
5290006741000,2080A0050,2080,529499.999,6741499.997,15.5421606,60.8077874,4,0
5290006756000,2031A0010,2031,529499.999,6756499.999,15.5444489,60.9424525,25,15
5300006655000,2061A0010,2061,530499.997,6655500.002,15.5474057,60.035581,6,0
5300006656000,2061A0010,2061,530499.997,6656499.999,15.5475543,60.0445598,22,16
5300006657000,2061B2010,2061,530499.997,6657500.0,15.547703,60.0535386,8,0
5300006658000,2061B2010,2061,530499.997,6658500.002,15.5478518,60.0625174,79,31
5300006659000,2061B2010,2061,530499.997,6659499.998,15.5480007,60.0714961,133,56
5300006660000,2061B2010,2061,530499.997,6660499.999,15.5481496,60.0804748,19,10
5300006661000,2061A0010,2061,530499.997,6661500.001,15.5482987,60.0894536,22,6
5300006664000,2061A0010,2061,530499.997,6664500.0,15.5487465,60.1163897,8,3
5300006665000,2061A0010,2061,530499.997,6665500.002,15.5488959,60.1253684,6,8
5300006666000,2061A0010,2061,530499.997,6666500.003,15.5490455,60.1343471,47,16
5300006685000,2082A0010,2082,530499.997,6685500.001,15.5519049,60.3049395,3,0
5300006687000,2082A0010,2082,530499.997,6687499.999,15.5522079,60.3228963,11,0
5300006688000,2082A0010,2082,530499.997,6688500.0,15.5523596,60.3318747,3,3
5300006695000,2081A0010,2081,530499.997,6695500.0,15.5534239,60.3947231,58,16
5300006699000,2081A0010,2081,530499.997,6699500.001,15.5540342,60.4306363,4,3
5300006701000,2081A0030,2081,530499.997,6701499.999,15.5543399,60.4485927,38,15
5300006702000,2081A0030,2081,530499.997,6702500.001,15.5544929,60.457571,173,35
5300006703000,2081A0030,2081,530499.997,6703500.002,15.554646,60.4665492,106,23
5300006704000,2081A0030,2081,530499.997,6704499.998,15.5547992,60.4755274,216,18
5300006705000,2081A0030,2081,530499.997,6705500.0,15.5549525,60.4845056,37,0
5300006706000,2081A0030,2081,530499.997,6706500.001,15.5551059,60.4934838,16,0
5300006707000,2081A0030,2081,530499.997,6707499.998,15.5552595,60.5024619,4,0
5300006708000,2081B2010,2081,530499.997,6708499.999,15.5554131,60.5114401,47,9
5300006709000,2081A0030,2081,530499.997,6709500.001,15.5555668,60.5204182,30,0
5300006712000,2080A0020,2080,530499.997,6712500.0,15.5560285,60.5473525,70,10
5300006713000,2080A0020,2080,530499.997,6713500.001,15.5561826,60.5563306,63,6
5300006716000,2080A0020,2080,530499.997,6716500.001,15.5566455,60.5832648,3,0
5300006717000,2080C1120,2080,530499.997,6717500.002,15.5568,60.5922429,33,3
5300006718000,2080C1120,2080,530499.997,6718499.999,15.5569545,60.6012209,190,42
5300006719000,2080C1120,2080,530499.997,6719500.0,15.5571092,60.6101989,41,9
5300006724000,2080A0020,2080,530499.997,6724499.997,15.5578842,60.6550887,32,9
5300006725000,2080A0020,2080,530499.997,6725499.999,15.5580395,60.6640667,105,27
5300006726000,2080A0020,2080,530499.997,6726500.0,15.5581949,60.6730446,11,6
5300006727000,2080A0020,2080,530499.997,6727499.997,15.5583504,60.6820225,3,0
5300006729000,2080A0020,2080,530499.997,6729500.0,15.5586617,60.6999783,8,0
5300006731000,2080A0020,2080,530499.997,6731500.003,15.5589734,60.7179341,3,3
5300006733000,2080A0050,2080,530499.997,6733500.001,15.5592855,60.7358898,7,3
5300006734000,2080A0050,2080,530499.997,6734500.002,15.5594417,60.7448676,22,4
5300006735000,2080A0050,2080,530499.997,6735499.998,15.559598,60.7538454,3,3
5300006756000,2031A0010,2031,530499.997,6756499.999,15.5629038,60.9423767,3,0
5300006769000,2031A0010,2031,530499.997,6769499.998,15.5649729,61.0590838,4,3
5310006656000,2061A0010,2061,531499.999,6656499.999,15.565506,60.0444842,31,11
5310006657000,2061B2010,2061,531499.999,6657500.0,15.5656595,60.053463,12,3
5310006658000,2061B2010,2061,531499.999,6658500.002,15.5658132,60.0624417,191,57
5310006659000,2061B2010,2061,531499.999,6659499.998,15.5659669,60.0714204,426,161
5310006661000,2061B2010,2061,531499.999,6661500.001,15.5662748,60.0893779,20,18
5310006662000,2061B2010,2061,531499.999,6662499.997,15.5664288,60.0983566,10,9
5310006663000,2061A0010,2061,531499.999,6663499.999,15.566583,60.1073352,16,7
5310006664000,2061A0010,2061,531499.999,6664500.0,15.5667372,60.1163139,12,0
5310006665000,2061A0010,2061,531499.999,6665500.002,15.5668916,60.1252926,5,0
5310006666000,2061A0010,2061,531499.999,6666500.003,15.567046,60.1342713,7,4
5310006686000,2082A0010,2082,531499.999,6686500.002,15.5701556,60.3138415,20,7
5310006687000,2082A0010,2082,531499.999,6687499.999,15.5703121,60.3228199,13,3
5310006688000,2082A0010,2082,531499.999,6688500.0,15.5704687,60.3317983,4,3
5310006697000,2082B2010,2082,531499.999,6697499.998,15.5718829,60.412603,24,9
5310006698000,2082B2020,2082,531499.999,6698500.0,15.5720405,60.4215813,179,58
5310006700000,2082A0020,2082,531499.999,6700500.003,15.572356,60.4395378,3,0
5310006701000,2081A0030,2081,531499.999,6701499.999,15.572514,60.4485159,14,3
5310006702000,2081A0030,2081,531499.999,6702500.001,15.572672,60.4574941,71,10
5310006703000,2081A0030,2081,531499.999,6703500.002,15.5728301,60.4664723,118,41
5310006704000,2081A0030,2081,531499.999,6704499.998,15.5729884,60.4754505,206,64
5310006705000,2081A0030,2081,531499.999,6705500.0,15.5731467,60.4844287,6,3
5310006707000,2081A0030,2081,531499.999,6707499.998,15.5734637,60.5023849,29,14
5310006708000,2081A0030,2081,531499.999,6708499.999,15.5736223,60.5113631,56,17
5310006711000,2081A0030,2081,531499.999,6711499.999,15.5740988,60.5382973,58,15
5310006712000,2080A0020,2080,531499.999,6712500.0,15.5742579,60.5472754,28,10
5310006713000,2080A0020,2080,531499.999,6713500.001,15.574417,60.5562535,7,0
5310006717000,2080C1120,2080,531499.999,6717500.002,15.5750547,60.5921656,71,21
5310006718000,2080C1120,2080,531499.999,6718499.999,15.5752143,60.6011436,263,66
5310006719000,2080C1200,2080,531499.999,6719500.0,15.5753741,60.6101216,8,3
5310006720000,2080C1200,2080,531499.999,6720500.002,15.575534,60.6190996,150,6
5310006721000,2080C1200,2080,531499.999,6721499.998,15.5756939,60.6280775,39,6
5310006722000,2080A0030,2080,531499.999,6722500.0,15.575854,60.6370555,8,0
5310006723000,2080A0030,2080,531499.999,6723500.001,15.5760142,60.6460334,18,4
5310006724000,2080A0020,2080,531499.999,6724499.997,15.5761745,60.6550113,7,6
5310006725000,2080A0020,2080,531499.999,6725499.999,15.5763349,60.6639892,6,0
5310006726000,2080A0020,2080,531499.999,6726500.0,15.5764954,60.6729671,5,0
5310006730000,2080A0030,2080,531499.999,6730500.001,15.5771383,60.7088786,3,0
5310006734000,2080A0050,2080,531499.999,6734500.002,15.577783,60.7447899,28,10
5310006735000,2080A0050,2080,531499.999,6735499.998,15.5779444,60.7537676,3,0
5310006769000,2031A0010,2031,531499.999,6769499.998,15.5834956,61.0590051,4,3
5320006655000,2061A0010,2061,532500.002,6655500.002,15.5832992,60.0354275,12,9
5320006656000,2061A0010,2061,532500.002,6656499.999,15.5834575,60.0444062,21,3
5320006659000,2061B2010,2061,532500.002,6659499.998,15.5839331,60.0713423,78,28
5320006660000,2061B2010,2061,532500.002,6660499.999,15.5840919,60.0803211,76,23
5320006661000,2061B2010,2061,532500.002,6661500.001,15.5842507,60.0892997,12,13
5320006662000,2061A0010,2061,532500.002,6662499.997,15.5844096,60.0982784,25,17
5320006663000,2061A0010,2061,532500.002,6663499.999,15.5845687,60.107257,10,3
5320006664000,2061A0010,2061,532500.002,6664500.0,15.5847278,60.1162357,3,0
5320006666000,2061A0010,2061,532500.002,6666500.003,15.5850464,60.134193,3,3
5320006673000,2061A0010,2061,532500.002,6673499.998,15.5861647,60.1970429,3,0
5320006675000,2061A0010,2061,532500.002,6675500.001,15.5864851,60.2149999,3,0
5320006687000,2082A0010,2082,532500.002,6687499.999,15.5884162,60.322741,5,0
5320006688000,2082A0010,2082,532500.002,6688500.0,15.5885778,60.3317194,3,0
5320006689000,2082A0010,2082,532500.002,6689500.002,15.5887395,60.3406977,3,0
5320006690000,2082A0010,2082,532500.002,6690499.998,15.5889013,60.349676,9,0
5320006695000,2082B2010,2082,532500.002,6695500.0,15.5897118,60.3945674,102,12
5320006696000,2082B2010,2082,532500.002,6696499.997,15.5898743,60.4035456,520,94
5320006697000,2082B2020,2082,532500.002,6697499.998,15.5900368,60.4125239,223,71
5320006698000,2082B2020,2082,532500.002,6698500.0,15.5901994,60.4215021,14,6
5320006699000,2082A0020,2082,532500.002,6699500.001,15.5903622,60.4304803,19,6
5320006700000,2082A0020,2082,532500.002,6700500.003,15.590525,60.4394585,28,4
5320006701000,2081A0030,2081,532500.002,6701499.999,15.5906879,60.4484367,32,10
5320006703000,2081A0030,2081,532500.002,6703500.002,15.5910141,60.466393,3,0
5320006704000,2081A0030,2081,532500.002,6704499.998,15.5911774,60.4753711,100,21
5320006705000,2081A0030,2081,532500.002,6705500.0,15.5913408,60.4843493,17,3
5320006706000,2081A0030,2081,532500.002,6706500.001,15.5915042,60.4933274,28,3
5320006707000,2081A0030,2081,532500.002,6707499.998,15.5916678,60.5023055,47,15
5320006708000,2081A0030,2081,532500.002,6708499.999,15.5918315,60.5112836,66,11
5320006711000,2081A0030,2081,532500.002,6711499.999,15.5923231,60.5382178,4,0
5320006712000,2080A0020,2080,532500.002,6712500.0,15.5924872,60.5471958,18,0
5320006715000,2080A0020,2080,532500.002,6715499.999,15.5929801,60.5741299,14,6
5320006716000,2080C1050,2080,532500.002,6716500.001,15.5931447,60.5831079,42,10
5320006717000,2080C1050,2080,532500.002,6717500.002,15.5933093,60.5920859,163,62
5320006718000,2080C1120,2080,532500.002,6718499.999,15.593474,60.6010638,430,90
5320006719000,2080C1120,2080,532500.002,6719500.0,15.5936389,60.6100418,68,18
5320006720000,2080C1200,2080,532500.002,6720500.002,15.5938038,60.6190197,1548,357
5320006721000,2080C1260,2080,532500.002,6721499.998,15.5939689,60.6279976,1485,212
5320006722000,2080C1260,2080,532500.002,6722500.0,15.594134,60.6369756,460,80
5320006725000,2080A0030,2080,532500.002,6725499.999,15.5946301,60.6639092,24,4
5320006726000,2080A0030,2080,532500.002,6726500.0,15.5947957,60.6728871,3,0
5320006728000,2080A0030,2080,532500.002,6728499.998,15.5951272,60.6908428,18,0
5320006730000,2080A0030,2080,532500.002,6730500.001,15.5954591,60.7087985,3,0
5320006733000,2080A0050,2080,532500.002,6733500.001,15.5959578,60.7357319,3,3
5320006734000,2080A0050,2080,532500.002,6734500.002,15.5961242,60.7447096,12,9
5320006735000,2080A0050,2080,532500.002,6735499.998,15.5962908,60.7536874,3,0
5330006654000,2061A0010,2061,533500.0,6654500.001,15.6010825,60.0263683,16,0
5330006655000,2061A0010,2061,533500.0,6655500.002,15.6012457,60.0353471,30,3
5330006656000,2061A0010,2061,533500.0,6656499.999,15.6014089,60.0443258,8,0
5330006657000,2061A0010,2061,533500.0,6657500.0,15.6015722,60.0533045,21,14
5330006658000,2061B2010,2061,533500.0,6658500.002,15.6017356,60.0622832,4,3
5330006659000,2061B2010,2061,533500.0,6659499.998,15.6018991,60.0712618,8,0
5330006660000,2061B2010,2061,533500.0,6660499.999,15.6020627,60.0802405,6,0
5330006663000,2061A0010,2061,533500.0,6663499.999,15.6025542,60.1071764,3,0
5330006674000,2061A0010,2061,533500.0,6674500.0,15.6043644,60.2059405,3,0
5330006693000,2082A0010,2082,533500.0,6693499.997,15.6075211,60.3765293,4,6
5330006696000,2082B2010,2082,533500.0,6696499.997,15.608023,60.403464,230,67
5330006697000,2082B2020,2082,533500.0,6697499.998,15.6081906,60.4124422,583,152
5330006698000,2082B2020,2082,533500.0,6698500.0,15.6083582,60.4214204,31,3
5330006699000,2082A0020,2082,533500.0,6699500.001,15.6085259,60.4303986,46,12
5330006700000,2082A0020,2082,533500.0,6700500.003,15.6086938,60.4393768,58,10
5330006703000,2081A0030,2081,533500.0,6703500.002,15.609198,60.4663112,50,6
5330006705000,2081A0030,2081,533500.0,6705500.0,15.6095346,60.4842674,68,17
5330006706000,2081A0030,2081,533500.0,6706500.001,15.6097031,60.4932455,41,3
5330006707000,2081A0030,2081,533500.0,6707499.998,15.6098717,60.5022235,9,3
5330006708000,2081A0030,2081,533500.0,6708499.999,15.6100404,60.5112016,3,6
5330006711000,2080A0020,2080,533500.0,6711499.999,15.6105472,60.5381357,16,11
5330006712000,2080A0020,2080,533500.0,6712500.0,15.6107164,60.5471137,50,16
5330006713000,2080A0020,2080,533500.0,6713500.001,15.6108856,60.5560917,9,4
5330006716000,2080C1050,2080,533500.0,6716500.001,15.611394,60.5830257,256,40
5330006717000,2080C1050,2080,533500.0,6717500.002,15.6115637,60.5920036,451,95
5330006718000,2080C1050,2080,533500.0,6718499.999,15.6117335,60.6009815,26,0
5330006719000,2080C1120,2080,533500.0,6719500.0,15.6119034,60.6099595,350,90
5330006720000,2080C1210,2080,533500.0,6720500.002,15.6120735,60.6189374,1598,522
5330006721000,2080C1260,2080,533500.0,6721499.998,15.6122436,60.6279153,1236,158
5330006722000,2080C1260,2080,533500.0,6722500.0,15.6124138,60.6368932,43,12
5330006723000,2080C1260,2080,533500.0,6723500.001,15.6125842,60.6458711,6,0
5330006725000,2080C1260,2080,533500.0,6725499.999,15.6129252,60.6638268,4,0
5330006726000,2080A0030,2080,533500.0,6726500.0,15.6130959,60.6728046,37,0
5340006653000,2061A0010,2061,534499.998,6653499.999,15.6188562,60.0173068,7,0
5340006654000,2061A0010,2061,534499.998,6654500.001,15.6190241,60.0262855,14,3
5340006655000,2061A0010,2061,534499.998,6655500.002,15.619192,60.0352642,13,3
5340006656000,2061A0010,2061,534499.998,6656499.999,15.6193601,60.0442429,60,19
5340006657000,2061A0010,2061,534499.998,6657500.0,15.6195283,60.0532216,14,6
5340006660000,2061A0010,2061,534499.998,6660499.999,15.6200335,60.0801575,13,0
5340006665000,2061A0010,2061,534499.998,6665500.002,15.6208777,60.1250505,18,3
5340006666000,2061A0010,2061,534499.998,6666500.003,15.6210468,60.1340291,13,13
5340006688000,2082A0010,2082,534499.998,6688500.0,15.6247955,60.3315541,3,3
5340006689000,2082A0010,2082,534499.998,6689500.002,15.6249671,60.3405324,4,0
5340006695000,2082A0020,2082,534499.998,6695500.0,15.6259993,60.3944018,7,0
5340006696000,2082A0020,2082,534499.998,6696499.997,15.6261717,60.4033799,14,3
5340006697000,2082B2020,2082,534499.998,6697499.998,15.6263442,60.4123581,43,9
5340006698000,2082B2020,2082,534499.998,6698500.0,15.6265169,60.4213363,22,0
5340006699000,2082A0020,2082,534499.998,6699500.001,15.6266896,60.4303144,28,12
5340006700000,2082A0020,2082,534499.998,6700500.003,15.6268625,60.4392926,5,0
5340006701000,2081A0030,2081,534499.998,6701499.999,15.6270354,60.4482707,29,14
5340006702000,2081A0030,2081,534499.998,6702500.001,15.6272085,60.4572488,8,0
5340006703000,2081A0030,2081,534499.998,6703500.002,15.6273817,60.4662269,3,0
5340006704000,2081A0030,2081,534499.998,6704499.998,15.627555,60.4752049,26,4
5340006705000,2081A0030,2081,534499.998,6705500.0,15.6277284,60.484183,32,9
5340006711000,2080A0020,2080,534499.998,6711499.999,15.6287712,60.5380512,39,7
5340006712000,2080A0020,2080,534499.998,6712500.0,15.6289454,60.5470292,62,13
5340006714000,2080A0020,2080,534499.998,6714500.003,15.6292941,60.5649851,51,9
5340006715000,2080C1030,2080,534499.998,6715499.999,15.6294687,60.573963,985,42
5340006716000,2080C1030,2080,534499.998,6716500.001,15.6296433,60.582941,1713,230
5340006717000,2080C1030,2080,534499.998,6717500.002,15.6298181,60.5919189,679,101
5340006718000,2080C1110,2080,534499.998,6718499.999,15.6299929,60.6008968,2677,676
5340006719000,2080C1150,2080,534499.998,6719500.0,15.6301679,60.6098747,5057,1662
5340006720000,2080C1190,2080,534499.998,6720500.002,15.630343,60.6188526,3845,982
5340006721000,2080C1260,2080,534499.998,6721499.998,15.6305182,60.6278304,988,210
5340006722000,2080C1260,2080,534499.998,6722500.0,15.6306935,60.6368083,42,3
5340006723000,2080C1260,2080,534499.998,6723500.001,15.6308689,60.6457861,37,13
5340006724000,2080C1260,2080,534499.998,6724499.997,15.6310445,60.6547639,53,12
5340006725000,2080C1260,2080,534499.998,6725499.999,15.6312201,60.6637418,77,23
5340006726000,2080A0030,2080,534499.998,6726500.0,15.6313959,60.6727196,33,10
5340006729000,2080A0030,2080,534499.998,6729500.0,15.6319239,60.6996529,17,11
5340006730000,2080A0030,2080,534499.998,6730500.001,15.6321001,60.7086307,22,4
5340006745000,2080A0060,2080,534499.998,6745500.003,15.6347572,60.8432956,4,0
5340006764000,2031A0010,2031,534499.998,6764500.001,15.6381601,61.0138671,15,8
5340006765000,2031A0010,2031,534499.998,6765500.002,15.6383404,61.0228445,11,0
5340006770000,2031A0010,2031,534499.998,6770499.999,15.6392435,61.0677309,3,0
5350006645000,2061A0010,2061,535500.001,6645499.998,15.6354149,59.9453917,3,0
5350006653000,2061A0010,2061,535500.001,6653499.999,15.6367928,60.0172216,23,7
5350006654000,2061A0010,2061,535500.001,6654500.001,15.6369656,60.0262003,102,14
5350006655000,2061A0010,2061,535500.001,6655500.002,15.6371384,60.035179,20,3
5350006657000,2061A0010,2061,535500.001,6657500.0,15.6374844,60.0531362,14,4
5350006688000,2082A0010,2082,535500.001,6688500.0,15.6429042,60.3314678,3,0
5350006689000,2082A0010,2082,535500.001,6689500.002,15.6430808,60.3404461,12,0
5350006691000,2082A0010,2082,535500.001,6691500.0,15.6434344,60.3584025,6,3
5350006692000,2082A0010,2082,535500.001,6692500.001,15.6436114,60.3673807,6,6
5350006695000,2082A0020,2082,535500.001,6695500.0,15.6441429,60.3943152,32,6
5350006696000,2082A0020,2082,535500.001,6696499.997,15.6443203,60.4032934,27,4
5350006697000,2082A0020,2082,535500.001,6697499.998,15.6444978,60.4122715,12,3
5350006698000,2082A0020,2082,535500.001,6698500.0,15.6446755,60.4212496,10,3
5350006699000,2082A0020,2082,535500.001,6699500.001,15.6448532,60.4302278,42,22
5350006700000,2082A0020,2082,535500.001,6700500.003,15.6450311,60.4392059,18,3
5350006701000,2081A0030,2081,535500.001,6701499.999,15.6452091,60.4481839,54,11
5350006702000,2081A0030,2081,535500.001,6702500.001,15.6453872,60.457162,3,0
5350006703000,2081A0030,2081,535500.001,6703500.002,15.6455654,60.4661401,34,11
5350006704000,2081A0030,2081,535500.001,6704499.998,15.6457437,60.4751181,22,13
5350006712000,2080A0020,2080,535500.001,6712500.0,15.6471744,60.5469421,17,7
5350006714000,2080C1010,2080,535500.001,6714500.003,15.6475332,60.564898,9,3
5350006715000,2080C1010,2080,535500.001,6715499.999,15.6477128,60.5738759,730,166
5350006716000,2080C1010,2080,535500.001,6716500.001,15.6478925,60.5828538,359,50
5350006717000,2080C1010,2080,535500.001,6717500.002,15.6480723,60.5918317,1845,455
5350006718000,2080C1090,2080,535500.001,6718499.999,15.6482523,60.6008095,650,100
5350006719000,2080C1140,2080,535500.001,6719500.0,15.6484323,60.6097874,664,144
5350006720000,2080C1220,2080,535500.001,6720500.002,15.6486125,60.6187653,633,153
5350006721000,2080C1260,2080,535500.001,6721499.998,15.6487928,60.6277431,53,29
5350006724000,2080C1260,2080,535500.001,6724499.997,15.6493343,60.6546765,3,3
5350006729000,2080A0030,2080,535500.001,6729500.0,15.6502392,60.6995653,23,0
5350006744000,2080A0060,2080,535500.001,6744500.002,15.6529715,60.8342299,18,6
5350006745000,2080A0060,2080,535500.001,6745500.003,15.6531546,60.8432075,53,9
5350006764000,2031A0010,2031,535500.001,6764500.001,15.6566562,61.0137784,6,6
5350006765000,2031A0010,2031,535500.001,6765500.002,15.6568417,61.0227557,5,6
5350006766000,2031A0010,2031,535500.001,6766499.998,15.6570273,61.0317329,9,9
5360006645000,2061A0010,2061,536500.003,6645499.998,15.6533126,59.9453043,3,3
5360006647000,2061A0010,2061,536500.003,6647500.001,15.6536661,59.9632618,3,0
5360006651000,2061A0010,2061,536500.003,6651500.001,15.6543745,59.9991766,9,3
5360006652000,2061A0010,2061,536500.003,6652500.003,15.6545519,60.0081553,16,3
5360006654000,2061A0010,2061,536500.003,6654500.001,15.654907,60.0261126,143,36
5360006655000,2061A0010,2061,536500.003,6655500.002,15.6550847,60.0350912,6,0
5360006658000,2061A0010,2061,536500.003,6658500.002,15.6556185,60.062027,10,0
5360006688000,2082A0010,2082,536500.003,6688500.0,15.6610128,60.3313791,4,3
5360006694000,2082A0020,2082,536500.003,6694499.999,15.6621041,60.3852481,56,12
5360006695000,2082A0020,2082,536500.003,6695500.0,15.6622864,60.3942262,152,37
5360006698000,2082A0020,2082,536500.003,6698500.0,15.662834,60.4211605,50,11
5360006699000,2082A0020,2082,536500.003,6699500.001,15.6630168,60.4301386,26,9
5360006700000,2082A0020,2082,536500.003,6700500.003,15.6631996,60.4391167,7,6
5360006703000,2081A0030,2081,536500.003,6703500.002,15.663749,60.4660508,10,6
5360006704000,2080A0010,2080,536500.003,6704499.998,15.6639323,60.4750288,9,7
5360006705000,2080A0010,2080,536500.003,6705500.0,15.6641158,60.4840069,56,23
5360006707000,2080A0010,2080,536500.003,6707499.998,15.664483,60.5019628,6,3
5360006708000,2080A0010,2080,536500.003,6708499.999,15.6646669,60.5109408,8,0
5360006716000,2080C1010,2080,536500.003,6716500.001,15.6661416,60.5827641,6,0
5360006717000,2080C1080,2080,536500.003,6717500.002,15.6663265,60.591742,296,80
5360006718000,2080C1080,2080,536500.003,6718499.999,15.6665115,60.6007198,2701,577
5360006720000,2080C1220,2080,536500.003,6720500.002,15.6668819,60.6186755,514,107
5360006721000,2080C1220,2080,536500.003,6721499.998,15.6670672,60.6276532,16,6
5360006722000,2080A0030,2080,536500.003,6722500.0,15.6672527,60.636631,13,0
5360006724000,2080A0030,2080,536500.003,6724499.997,15.667624,60.6545866,4,0
5360006727000,2080A0030,2080,536500.003,6727499.997,15.6681819,60.6815198,3,0
5360006744000,2080A0060,2080,536500.003,6744500.002,15.6713637,60.8341393,25,6
5360006745000,2080A0060,2080,536500.003,6745500.003,15.6715519,60.8431169,7,6
5360006763000,2031A0010,2031,536500.003,6763499.999,15.6749615,61.0047098,3,3
5370006649000,2061A0010,2061,537500.001,6649499.999,15.671937,59.9811292,10,3
5370006650000,2061A0010,2061,537500.001,6650500.0,15.672119,59.9901079,29,8
5370006651000,2061A0010,2061,537500.001,6651500.001,15.6723011,59.9990866,15,3
5370006653000,2061A0010,2061,537500.001,6653499.999,15.6726657,60.0170438,8,0
5370006654000,2061A0010,2061,537500.001,6654500.001,15.6728482,60.0260225,68,13
5370006658000,2061A0010,2061,537500.001,6658500.002,15.6735792,60.0619368,3,0
5370006694000,2082A0020,2082,537500.001,6694499.999,15.6802425,60.3851567,57,16
5370006695000,2082A0020,2082,537500.001,6695500.0,15.6804297,60.3941348,59,15
5370006697000,2082A0020,2082,537500.001,6697499.998,15.6808047,60.4120909,18,3
5370006698000,2082A0020,2082,537500.001,6698500.0,15.6809923,60.421069,12,6
5370006699000,2082A0020,2082,537500.001,6699500.001,15.6811801,60.430047,13,8
5370006704000,2080A0010,2080,537500.001,6704499.998,15.6821207,60.4749371,10,6
5370006705000,2080A0010,2080,537500.001,6705500.0,15.6823092,60.483915,24,0
5370006707000,2080A0010,2080,537500.001,6707499.998,15.6826865,60.5018709,24,11
5370006716000,2080C1040,2080,537500.001,6716500.001,15.6843906,60.5826719,87,36
5370006717000,2080C1040,2080,537500.001,6717500.002,15.6845805,60.5916498,1883,492
5370006718000,2080C1070,2080,537500.001,6718499.999,15.6847706,60.6006275,502,120
5370006721000,2080A0030,2080,537500.001,6721499.998,15.6853415,60.6275609,16,6
5370006724000,2080A0030,2080,537500.001,6724499.997,15.6859135,60.6544941,32,0
5370006725000,2080A0030,2080,537500.001,6725499.999,15.6861045,60.6634719,38,12
5370006727000,2080A0030,2080,537500.001,6727499.997,15.6864867,60.6814272,32,10
5370006728000,2080A0030,2080,537500.001,6728499.998,15.686678,60.6904049,14,4
5370006743000,2080A0060,2080,537500.001,6743500.0,15.6895623,60.8250687,12,6
5370006744000,2080A0060,2080,537500.001,6744500.002,15.6897556,60.8340462,11,0
5370006755000,2080A0060,2080,537500.001,6755499.998,15.69189,60.9327977,5,0
5370006769000,2031A0010,2031,537500.001,6769499.998,15.6946288,61.0584793,39,22
5370006770000,2031A0010,2031,537500.001,6770499.999,15.6948253,61.0674565,4,3
5380006649000,2061A0010,2061,538500.0,6649499.999,15.6898538,59.9810369,18,3
5380006650000,2061A0010,2061,538500.0,6650500.0,15.6900406,59.9900155,11,0
5380006653000,2061A0010,2061,538500.0,6653499.999,15.6906019,60.0169513,47,8
5380006657000,2061A0010,2061,538500.0,6657500.0,15.6913519,60.0528656,4,0
5380006665000,2061A0010,2061,538500.0,6665500.002,15.6928577,60.1246935,3,0
5380006693000,2082A0020,2082,538500.0,6693499.997,15.6981885,60.3760847,3,0
5380006696000,2082A0020,2082,538500.0,6696499.997,15.6987653,60.4030188,34,6
5380006697000,2082A0020,2082,538500.0,6697499.998,15.6989579,60.4119969,25,6
5380006698000,2082A0020,2082,538500.0,6698500.0,15.6991505,60.4209749,16,9
5380006705000,2080A0010,2080,538500.0,6705500.0,15.7005025,60.4838208,31,9
5380006706000,2080A0010,2080,538500.0,6706500.001,15.7006961,60.4927987,29,9
5380006707000,2080A0010,2080,538500.0,6707499.998,15.7008899,60.5017766,44,16
5380006708000,2080A0010,2080,538500.0,6708499.999,15.7010838,60.5107545,82,15
5380006709000,2080A0010,2080,538500.0,6709500.001,15.7012778,60.5197324,11,0
5380006710000,2080A0010,2080,538500.0,6710499.997,15.7014719,60.5287102,12,7
5380006711000,2080A0010,2080,538500.0,6711499.999,15.7016662,60.5376881,21,0
5380006716000,2080C1070,2080,538500.0,6716500.001,15.7026394,60.5825773,58,23
5380006717000,2080C1070,2080,538500.0,6717500.002,15.7028344,60.5915551,1411,285
5380006718000,2080C1070,2080,538500.0,6718499.999,15.7030295,60.6005328,79,32
5380006723000,2080A0030,2080,538500.0,6723500.001,15.7040071,60.6454215,4,0
5380006724000,2080A0030,2080,538500.0,6724499.997,15.7042029,60.6543992,8,0
5380006725000,2080A0030,2080,538500.0,6725499.999,15.704399,60.6633769,10,3
5380006726000,2080A0030,2080,538500.0,6726500.0,15.7045951,60.6723546,3,3
5380006727000,2080A0030,2080,538500.0,6727499.997,15.7047914,60.6813322,33,12
5380006741000,2080A0060,2080,538500.0,6741499.997,15.7075525,60.8070182,5,0
5380006742000,2080A0060,2080,538500.0,6742499.999,15.7077507,60.8159957,20,9
5380006743000,2080A0060,2080,538500.0,6743500.0,15.707949,60.8249731,15,3
5380006761000,2080A0060,2080,538500.0,6761500.001,15.7115407,60.9865653,18,9
5380006770000,2031A0010,2031,538500.0,6770499.999,15.7133523,61.0673599,4,0
5390006648000,2061A0010,2061,539499.998,6648499.997,15.7075789,59.9719634,37,17
5390006649000,2061A0010,2061,539499.998,6649499.999,15.7077705,59.980942,18,3
5390006650000,2061A0010,2061,539499.998,6650500.0,15.7079622,59.9899206,3,0
5390006653000,2061A0010,2061,539499.998,6653499.999,15.708538,60.0168563,86,31
5390006654000,2061A0010,2061,539499.998,6654500.001,15.7087302,60.0258349,15,6
5390006658000,2061A0010,2061,539499.998,6658500.002,15.7095002,60.061749,3,0
5390006664000,2061A0010,2061,539499.998,6664500.0,15.7106588,60.1156197,5,4
5390006683000,2082A0010,2082,539499.998,6683500.003,15.7143571,60.2862073,3,6
5390006687000,2082A0010,2082,539499.998,6687499.999,15.7151414,60.3221198,12,0
5390006688000,2082C1030,2082,539499.998,6688500.0,15.7153378,60.3310979,4,3
5390006689000,2082C1030,2082,539499.998,6689500.002,15.7155343,60.3400761,58,12
5390006690000,2082C1030,2082,539499.998,6690499.998,15.7157309,60.3490541,62,15
5390006692000,2082A0010,2082,539499.998,6692500.001,15.7161246,60.3670103,15,9
5390006693000,2082A0020,2082,539499.998,6693499.997,15.7163216,60.3759883,8,3
5390006695000,2082A0020,2082,539499.998,6695500.0,15.716716,60.3939444,8,0
5390006696000,2082A0030,2082,539499.998,6696499.997,15.7169134,60.4029224,16,6
5390006697000,2082A0030,2082,539499.998,6697499.998,15.7171109,60.4119004,19,0
5390006698000,2082A0030,2082,539499.998,6698500.0,15.7173086,60.4208784,28,11
5390006699000,2082A0030,2082,539499.998,6699500.001,15.7175064,60.4298564,8,3
5390006700000,2082A0030,2082,539499.998,6700500.003,15.7177043,60.4388344,33,3
5390006701000,2082A0030,2082,539499.998,6701499.999,15.7179023,60.4478123,3,0
5390006704000,2080A0010,2080,539499.998,6704499.998,15.7184971,60.4747461,36,10
5390006705000,2080A0010,2080,539499.998,6705500.0,15.7186957,60.483724,15,14
5390006706000,2080A0010,2080,539499.998,6706500.001,15.7188943,60.4927019,4,0
5390006707000,2080A0010,2080,539499.998,6707499.998,15.7190931,60.5016797,62,7
5390006708000,2080A0010,2080,539499.998,6708499.999,15.7192921,60.5106576,162,40
5390006709000,2080A0010,2080,539499.998,6709500.001,15.7194911,60.5196355,245,35
5390006710000,2080A0010,2080,539499.998,6710499.997,15.7196903,60.5286133,22,6
5390006711000,2080A0010,2080,539499.998,6711499.999,15.7198896,60.5375911,8,0
5390006716000,2080C1070,2080,539499.998,6716500.001,15.720888,60.5824801,64,9
5390006717000,2080C1070,2080,539499.998,6717500.002,15.7210881,60.5914579,492,111
5390006718000,2080A0030,2080,539499.998,6718499.999,15.7212883,60.6004356,26,0
5390006719000,2080A0030,2080,539499.998,6719500.0,15.7214886,60.6094133,6,0
5390006724000,2080A0030,2080,539499.998,6724499.997,15.7224922,60.6543017,4,0
5390006729000,2080A0030,2080,539499.998,6729500.0,15.723499,60.6991899,3,0
5390006731000,2080A0040,2080,539499.998,6731500.003,15.7239027,60.7171451,3,0
5390006741000,2080B4010,2080,539499.998,6741499.997,15.7259287,60.8069201,34,12
5390006742000,2080B4010,2080,539499.998,6742499.999,15.7261321,60.8158976,26,6
5400006654000,2061A0010,2061,540500.0,6654500.001,15.7266711,60.0257375,25,0
5400006671000,2061A0010,2061,540500.0,6671500.0,15.7300402,60.1783702,3,0
5400006682000,2082A0010,2082,540500.0,6682500.001,15.7322397,60.2771306,5,3
5400006683000,2082A0010,2082,540500.0,6683500.003,15.7324404,60.2861088,15,6
5400006688000,2082C1020,2082,540500.0,6688500.0,15.7334459,60.3309993,12,4
5400006689000,2082C1020,2082,540500.0,6689500.002,15.7336474,60.3399774,37,7
5400006690000,2082C1030,2082,540500.0,6690499.998,15.733849,60.3489554,1025,268
5400006691000,2082C1030,2082,540500.0,6691500.0,15.7340508,60.3579335,201,33
5400006692000,2082A0010,2082,540500.0,6692500.001,15.7342527,60.3669115,20,8
5400006693000,2082A0010,2082,540500.0,6693499.997,15.7344547,60.3758895,31,4
5400006694000,2082A0010,2082,540500.0,6694499.999,15.7346568,60.3848675,8,3
5400006695000,2082A0010,2082,540500.0,6695500.0,15.7348591,60.3938455,12,0
5400006696000,2082A0030,2082,540500.0,6696499.997,15.7350614,60.4028235,14,3
5400006697000,2082A0030,2082,540500.0,6697499.998,15.735264,60.4118015,32,8
5400006698000,2082A0030,2082,540500.0,6698500.0,15.7354666,60.4207794,26,0
5400006699000,2082A0030,2082,540500.0,6699500.001,15.7356694,60.4297574,18,6
5400006700000,2082A0030,2082,540500.0,6700500.003,15.7358723,60.4387353,20,6
5400006704000,2080A0010,2080,540500.0,6704499.998,15.7366853,60.4746469,8,0
5400006705000,2080A0010,2080,540500.0,6705500.0,15.7368888,60.4836248,8,6
5400006706000,2080A0010,2080,540500.0,6706500.001,15.7370925,60.4926026,22,10
5400006707000,2080A0010,2080,540500.0,6707499.998,15.7372963,60.5015804,32,11
5400006708000,2080A0010,2080,540500.0,6708499.999,15.7375003,60.5105583,55,20
5400006709000,2080A0010,2080,540500.0,6709500.001,15.7377044,60.5195361,77,21
5400006710000,2080A0010,2080,540500.0,6710499.997,15.7379086,60.5285139,68,6
5400006711000,2080A0010,2080,540500.0,6711499.999,15.7381129,60.5374917,6,3
5400006716000,2080C1020,2080,540500.0,6716500.001,15.7391366,60.5823805,232,75
5400006717000,2080C1020,2080,540500.0,6717500.002,15.7393418,60.5913582,1008,228
5400006718000,2080C1070,2080,540500.0,6718499.999,15.739547,60.6003359,166,49
5400006719000,2080A0030,2080,540500.0,6719500.0,15.7397524,60.6093136,35,7
5400006723000,2080A0030,2080,540500.0,6723500.001,15.7405754,60.6452242,18,4
5400006724000,2080A0030,2080,540500.0,6724499.997,15.7407814,60.6542018,52,9
5400006726000,2080A0030,2080,540500.0,6726500.0,15.741194,60.6721571,16,0
5400006729000,2080A0040,2080,540500.0,6729500.0,15.7418137,60.6990898,4,0
5400006731000,2080A0040,2080,540500.0,6731500.003,15.7422276,60.7170449,24,9
5400006732000,2080A0040,2080,540500.0,6732499.999,15.7424347,60.7260224,15,0
5400006740000,2080B4010,2080,540500.0,6740500.001,15.7440966,60.7978422,3,3
5400006741000,2080B4010,2080,540500.0,6741499.997,15.7443049,60.8068196,121,28
5400006742000,2080B4010,2080,540500.0,6742499.999,15.7445134,60.815797,10,6
5400006745000,2080B4010,2080,540500.0,6745500.003,15.7451396,60.8427292,3,0
5400006746000,2080B4010,2080,540500.0,6746499.999,15.7453486,60.8517065,39,11
5400006747000,2080B4010,2080,540500.0,6747500.001,15.7455578,60.8606838,77,20
5400006748000,2080B4010,2080,540500.0,6748500.002,15.7457671,60.8696612,62,17
5400006749000,2080B4010,2080,540500.0,6749499.999,15.7459765,60.8786384,13,12
5400006750000,2080B4010,2080,540500.0,6750500.0,15.7461861,60.8876158,13,12
5400006751000,2080A0060,2080,540500.0,6751500.002,15.7463958,60.8965931,4,3
5410006665000,2061A0010,2061,541500.003,6665500.002,15.7468415,60.1244,6,3
5410006674000,2083A0020,2083,541500.003,6674500.0,15.7486773,60.2052044,3,0
5410006687000,2082A0010,2082,541500.003,6687499.999,15.7513476,60.3219202,44,12
5410006688000,2082C1020,2082,541500.003,6688500.0,15.751554,60.3308982,39,4
5410006689000,2082C1020,2082,541500.003,6689500.002,15.7517604,60.3398763,1216,371
5410006690000,2082C1020,2082,541500.003,6690499.998,15.751967,60.3488542,1547,505
5410006691000,2082C1020,2082,541500.003,6691500.0,15.7521737,60.3578323,202,55
5410006692000,2082A0010,2082,541500.003,6692500.001,15.7523806,60.3668103,17,3
5410006693000,2082A0010,2082,541500.003,6693499.997,15.7525876,60.3757882,7,0
5410006694000,2082A0010,2082,541500.003,6694499.999,15.7527947,60.3847662,5,7
5410006695000,2082A0030,2082,541500.003,6695500.0,15.753002,60.3937442,10,3
5410006696000,2082A0030,2082,541500.003,6696499.997,15.7532093,60.4027221,18,7
5410006697000,2082A0030,2082,541500.003,6697499.998,15.7534169,60.4117,17,3
5410006698000,2082A0030,2082,541500.003,6698500.0,15.7536245,60.420678,6,6
5410006699000,2082A0030,2082,541500.003,6699500.001,15.7538323,60.4296559,9,3
5410006700000,2082A0030,2082,541500.003,6700500.003,15.7540402,60.4386338,3,4
5410006704000,2080A0010,2080,541500.003,6704499.998,15.7548732,60.4745452,6,0
5410006705000,2080A0010,2080,541500.003,6705500.0,15.7550818,60.483523,96,16
5410006706000,2080A0010,2080,541500.003,6706500.001,15.7552905,60.4925009,3,0
5410006708000,2080A0010,2080,541500.003,6708499.999,15.7557084,60.5104564,12,0
5410006709000,2080A0010,2080,541500.003,6709500.001,15.7559175,60.5194342,15,3
5410006711000,2080A0010,2080,541500.003,6711499.999,15.7563361,60.5373897,22,10
5410006712000,2080A0010,2080,541500.003,6712500.0,15.7565457,60.5463675,10,3
5410006713000,2080A0010,2080,541500.003,6713500.001,15.7567553,60.5553452,14,0
5410006714000,2080A0010,2080,541500.003,6714500.003,15.7569651,60.564323,6,0
5410006716000,2080C1020,2080,541500.003,6716500.001,15.7573851,60.5822783,116,29
5410006717000,2080C1100,2080,541500.003,6717500.002,15.7575953,60.591256,661,90
5410006718000,2080C1100,2080,541500.003,6718499.999,15.7578057,60.6002337,586,124
5410006719000,2080C1070,2080,541500.003,6719500.0,15.7580161,60.6092113,52,17
5410006720000,2080A0030,2080,541500.003,6720500.002,15.7582267,60.618189,34,11
5410006721000,2080A0030,2080,541500.003,6721499.998,15.7584375,60.6271666,25,3
5410006722000,2080A0030,2080,541500.003,6722500.0,15.7586483,60.6361442,38,17
5410006723000,2080A0030,2080,541500.003,6723500.001,15.7588594,60.6451218,47,24
5410006724000,2080A0030,2080,541500.003,6724499.997,15.7590705,60.6540994,163,34
5410006725000,2080A0030,2080,541500.003,6725499.999,15.7592818,60.663077,27,3
5410006726000,2080A0030,2080,541500.003,6726500.0,15.7594932,60.6720545,30,12
5410006727000,2080A0030,2080,541500.003,6727499.997,15.7597048,60.6810321,34,15
5410006728000,2080A0030,2080,541500.003,6728499.998,15.7599165,60.6900096,12,0
5410006730000,2080A0040,2080,541500.003,6730500.001,15.7603403,60.7079647,24,9
5410006731000,2080A0040,2080,541500.003,6731500.003,15.7605524,60.7169422,6,6
5410006732000,2080A0040,2080,541500.003,6732499.999,15.7607646,60.7259197,57,15
5410006740000,2080B4010,2080,541500.003,6740500.001,15.7624675,60.7977391,12,0
5410006741000,2080B4010,2080,541500.003,6741499.997,15.762681,60.8067165,355,84
5410006742000,2080B4010,2080,541500.003,6742499.999,15.7628946,60.8156939,89,24
5410006743000,2080B4010,2080,541500.003,6743500.0,15.7631084,60.8246712,43,19
5410006744000,2080B4010,2080,541500.003,6744500.002,15.7633223,60.8336486,35,9
5410006745000,2080B4010,2080,541500.003,6745500.003,15.7635363,60.8426259,45,13
5410006746000,2080B4010,2080,541500.003,6746499.999,15.7637505,60.8516032,9,6
5410006747000,2080B4010,2080,541500.003,6747500.001,15.7639648,60.8605805,38,18
5410006748000,2080B4010,2080,541500.003,6748500.002,15.7641792,60.8695578,6,0
5410006749000,2080A0060,2080,541500.003,6749499.999,15.7643938,60.8785351,4,3
5410006752000,2080A0060,2080,541500.003,6752499.998,15.7650384,60.9054668,3,0
5420006685000,2082A0010,2082,542500.001,6685500.001,15.7690283,60.3038606,9,0
5420006686000,2082A0010,2082,542500.001,6686500.002,15.7692393,60.3128386,34,6
5420006687000,2082A0010,2082,542500.001,6687499.999,15.7694505,60.3218166,32,7
5420006689000,2082C1020,2082,542500.001,6689500.002,15.7698732,60.3397727,320,88
5420006690000,2082C1020,2082,542500.001,6690499.998,15.7700848,60.3487506,67,6
5420006691000,2082A0010,2082,542500.001,6691500.0,15.7702965,60.3577286,11,0
5420006692000,2082A0010,2082,542500.001,6692500.001,15.7705083,60.3667066,23,4
5420006693000,2082A0010,2082,542500.001,6693499.997,15.7707203,60.3756845,3,0
5420006694000,2082A0030,2082,542500.001,6694499.999,15.7709324,60.3846624,8,0
5420006695000,2082A0030,2082,542500.001,6695500.0,15.7711446,60.3936403,8,3
5420006696000,2082A0030,2082,542500.001,6696499.997,15.771357,60.4026182,15,0
5420006697000,2082A0030,2082,542500.001,6697499.998,15.7715695,60.4115961,47,6
5420006698000,2082A0030,2082,542500.001,6698500.0,15.7717822,60.420574,8,9
5420006699000,2082A0030,2082,542500.001,6699500.001,15.771995,60.4295519,21,10
5420006700000,2082A0030,2082,542500.001,6700500.003,15.7722079,60.4385298,3,0
5420006703000,2080A0010,2080,542500.001,6703500.002,15.7728475,60.4654632,4,0
5420006704000,2080A0010,2080,542500.001,6704499.998,15.773061,60.474441,8,0
5420006705000,2080A0010,2080,542500.001,6705500.0,15.7732746,60.4834188,8,0
5420006712000,2080A0010,2080,542500.001,6712500.0,15.7747737,60.546263,8,7
5420006713000,2080A0010,2080,542500.001,6713500.001,15.7749884,60.5552407,26,7
5420006714000,2080A0010,2080,542500.001,6714500.003,15.7752033,60.5642184,27,3
5420006715000,2080C1020,2080,542500.001,6715499.999,15.7754183,60.573196,130,17
5420006716000,2080C1020,2080,542500.001,6716500.001,15.7756334,60.5821737,46,12
5420006717000,2080C1100,2080,542500.001,6717500.002,15.7758487,60.5911514,29,7
5420006718000,2080C1100,2080,542500.001,6718499.999,15.7760641,60.600129,81,19
5420006719000,2080C1250,2080,542500.001,6719500.0,15.7762796,60.6091066,32,12
5420006720000,2080C1250,2080,542500.001,6720500.002,15.7764953,60.6180842,44,11
5420006721000,2080A0030,2080,542500.001,6721499.998,15.7767111,60.6270618,31,7
5420006722000,2080A0030,2080,542500.001,6722500.0,15.7769271,60.6360394,36,7
5420006723000,2080A0030,2080,542500.001,6723500.001,15.7771431,60.6450169,29,10
5420006724000,2080A0030,2080,542500.001,6724499.997,15.7773594,60.6539944,612,152
5420006725000,2080A0030,2080,542500.001,6725499.999,15.7775758,60.662972,73,15
5420006727000,2080A0030,2080,542500.001,6727499.997,15.7780089,60.680927,36,13
5420006728000,2080A0030,2080,542500.001,6728499.998,15.7782257,60.6899045,22,10
5420006729000,2080A0040,2080,542500.001,6729500.0,15.7784427,60.698882,5,3
5420006730000,2080A0040,2080,542500.001,6730500.001,15.7786597,60.7078595,30,14
5420006731000,2080A0040,2080,542500.001,6731500.003,15.7788769,60.716837,108,30
5420006732000,2080A0040,2080,542500.001,6732499.999,15.7790943,60.7258144,33,7
5420006740000,2080B4010,2080,542500.001,6740500.001,15.7808382,60.7976336,53,16
5420006741000,2080B4010,2080,542500.001,6741499.997,15.7810568,60.8066109,43,13
5420006742000,2080B4010,2080,542500.001,6742499.999,15.7812756,60.8155882,10,6
5420006743000,2080A0060,2080,542500.001,6743500.0,15.7814945,60.8245656,18,0
5420006744000,2080B4010,2080,542500.001,6744500.002,15.7817135,60.8335429,15,0
5420006745000,2080B4010,2080,542500.001,6745500.003,15.7819327,60.8425202,3,3
5420006767000,2080A0060,2080,542500.001,6767500.0,15.7867911,61.0400173,10,8
5430006676000,2083A0020,2083,543499.999,6676499.998,15.7851833,60.2229521,5,3
5430006685000,2082A0010,2082,543499.999,6685500.001,15.787121,60.3037547,3,6
5430006687000,2082A0010,2082,543499.999,6687499.999,15.7875532,60.3217106,13,9
5430006688000,2082A0010,2082,543499.999,6688500.0,15.7877694,60.3306886,27,7
5430006689000,2082A0010,2082,543499.999,6689500.002,15.7879859,60.3396666,45,12
5430006690000,2082A0010,2082,543499.999,6690499.998,15.7882024,60.3486445,39,11
5430006691000,2082A0010,2082,543499.999,6691500.0,15.7884191,60.3576224,154,39
5430006692000,2082A0010,2082,543499.999,6692500.001,15.7886359,60.3666004,48,15
5430006694000,2082A0030,2082,543499.999,6694499.999,15.78907,60.3845561,6,0
5430006695000,2082A0030,2082,543499.999,6695500.0,15.7892872,60.393534,3,0
5430006696000,2082A0030,2082,543499.999,6696499.997,15.7895046,60.4025119,13,3
5430006697000,2082A0030,2082,543499.999,6697499.998,15.7897221,60.4114897,51,15
5430006698000,2082A0030,2082,543499.999,6698500.0,15.7899398,60.4204676,9,4
5430006699000,2082A0030,2082,543499.999,6699500.001,15.7901576,60.4294454,17,7
5430006700000,2082A0030,2082,543499.999,6700500.003,15.7903755,60.4384233,12,6
5430006701000,2082A0030,2082,543499.999,6701499.999,15.7905936,60.447401,27,6
5430006702000,2082A0030,2082,543499.999,6702500.001,15.7908118,60.4563788,11,4
5430006703000,2082A0030,2082,543499.999,6703500.002,15.7910301,60.4653566,3,0
5430006704000,2080A0010,2080,543499.999,6704499.998,15.7912486,60.4743344,11,3
5430006707000,2080A0010,2080,543499.999,6707499.998,15.7919049,60.5012676,34,3
5430006713000,2080A0010,2080,543499.999,6713500.001,15.7932214,60.5551337,53,12
5430006714000,2080A0010,2080,543499.999,6714500.003,15.7934413,60.5641114,66,14
5430006717000,2080A0040,2080,543499.999,6717500.002,15.7941019,60.5910442,3,0
5430006719000,2080A0040,2080,543499.999,6719500.0,15.7945429,60.6089994,42,11
5430006720000,2080C1250,2080,543499.999,6720500.002,15.7947637,60.6179769,394,110
5430006721000,2080C1250,2080,543499.999,6721499.998,15.7949846,60.6269545,31,3
5430006722000,2080A0030,2080,543499.999,6722500.0,15.7952056,60.635932,3,0
5430006724000,2080A0030,2080,543499.999,6724499.997,15.7956481,60.653887,30,13
5430006725000,2080A0030,2080,543499.999,6725499.999,15.7958696,60.6628645,5,0
5430006726000,2080A0030,2080,543499.999,6726500.0,15.7960912,60.671842,3,0
5430006727000,2080A0040,2080,543499.999,6727499.997,15.7963129,60.6808195,21,10
5430006728000,2080A0040,2080,543499.999,6728499.998,15.7965348,60.689797,9,6
5430006729000,2080A0040,2080,543499.999,6729500.0,15.7967569,60.6987744,5,0
5430006730000,2080A0040,2080,543499.999,6730500.001,15.796979,60.7077519,23,12
5430006731000,2080A0040,2080,543499.999,6731500.003,15.7972014,60.7167293,50,14
5430006732000,2080A0040,2080,543499.999,6732499.999,15.7974238,60.7257067,48,8
5430006739000,2080B4010,2080,543499.999,6739499.999,15.7989851,60.7885482,10,3
5430006740000,2080B4010,2080,543499.999,6740500.001,15.7992088,60.7975255,69,11
5430006741000,2080A0060,2080,543499.999,6741499.997,15.7994325,60.8065028,60,14
5430006742000,2080A0060,2080,543499.999,6742499.999,15.7996564,60.8154801,18,9
5430006743000,2080A0060,2080,543499.999,6743500.0,15.7998805,60.8244574,9,3
5440006688000,2082A0010,2082,544499.997,6688500.0,15.805877,60.3305801,81,15
5440006689000,2082A0010,2082,544499.997,6689500.002,15.8060984,60.3395581,27,6
5440006690000,2082A0010,2082,544499.997,6690499.998,15.8063199,60.3485359,4,0
5440006692000,2082A0010,2082,544499.997,6692500.001,15.8067634,60.3664917,12,0
5440006693000,2082A0030,2082,544499.997,6693499.997,15.8069853,60.3754696,14,6
5440006694000,2082A0030,2082,544499.997,6694499.999,15.8072074,60.3844474,15,3
5440006695000,2082A0030,2082,544499.997,6695500.0,15.8074296,60.3934253,3,0
5440006696000,2082A0030,2082,544499.997,6696499.997,15.807652,60.4024031,213,83
5440006697000,2082A0030,2082,544499.997,6697499.998,15.8078745,60.4113809,141,56
5440006698000,2082A0030,2082,544499.997,6698500.0,15.8080972,60.4203587,5,0
5440006699000,2082A0030,2082,544499.997,6699500.001,15.80832,60.4293365,4,3
5440006700000,2082A0030,2082,544499.997,6700500.003,15.8085429,60.4383143,20,6
5440006701000,2082A0030,2082,544499.997,6701499.999,15.808766,60.447292,32,4
5440006702000,2082A0030,2082,544499.997,6702500.001,15.8089892,60.4562698,24,9
5440006703000,2082A0030,2082,544499.997,6703500.002,15.8092126,60.4652475,11,0
5440006704000,2080A0010,2080,544499.997,6704499.998,15.8094361,60.4742252,7,3
5440006706000,2080A0010,2080,544499.997,6706500.001,15.8098836,60.4921807,20,7
5440006707000,2080A0010,2080,544499.997,6707499.998,15.8101075,60.5011583,8,3
5440006713000,2080A0010,2080,544499.997,6713500.001,15.8114542,60.5550242,32,9
5440006714000,2080A0010,2080,544499.997,6714500.003,15.8116792,60.5640018,9,0
5440006716000,2080A0040,2080,544499.997,6716500.001,15.8121295,60.581957,3,0
5440006717000,2080A0040,2080,544499.997,6717500.002,15.8123549,60.5909346,6,0
5440006719000,2080A0040,2080,544499.997,6719500.0,15.8128061,60.6088896,35,13
5440006720000,2080C1250,2080,544499.997,6720500.002,15.8130319,60.6178672,32,3
5440006721000,2080C1250,2080,544499.997,6721499.998,15.8132579,60.6268446,52,9
5440006725000,2080A0040,2080,544499.997,6725499.999,15.8141633,60.6627546,16,0
5440006726000,2080A0040,2080,544499.997,6726500.0,15.81439,60.671732,17,12
5440006727000,2080A0040,2080,544499.997,6727499.997,15.8146168,60.6807094,18,6
5440006728000,2080A0040,2080,544499.997,6728499.998,15.8148438,60.6896869,11,6
5440006729000,2080A0040,2080,544499.997,6729500.0,15.8150709,60.6986643,9,0
5440006730000,2080A0040,2080,544499.997,6730500.001,15.8152982,60.7076417,5,0
5440006732000,2080A0040,2080,544499.997,6732499.999,15.8157532,60.7255964,25,7
5440006739000,2080B4010,2080,544499.997,6739499.999,15.8173504,60.7884377,10,6
5440006740000,2080B4010,2080,544499.997,6740500.001,15.8175792,60.797415,22,7
5440006741000,2080A0060,2080,544499.997,6741499.997,15.8178081,60.8063922,5,0
5450006681000,2083A0020,2083,545500.0,6681500.0,15.822404,60.2676237,19,3
5450006683000,2083A0020,2083,545500.0,6683500.003,15.8228549,60.2855796,6,0
5450006684000,2083A0020,2083,545500.0,6684499.999,15.8230805,60.2945575,300,113
5450006685000,2083A0020,2083,545500.0,6685500.001,15.8233063,60.3035355,118,31
5450006687000,2083A0020,2083,545500.0,6687499.999,15.8237582,60.3214913,3,0
5450006688000,2082A0010,2082,545500.0,6688500.0,15.8239845,60.3304692,34,11
5450006689000,2082A0010,2082,545500.0,6689500.002,15.8242108,60.3394471,11,6
5450006690000,2082A0010,2082,545500.0,6690499.998,15.8244373,60.3484249,3,6
5450006692000,2082A0030,2082,545500.0,6692500.001,15.8248907,60.3663806,10,0
5450006693000,2082A0030,2082,545500.0,6693499.997,15.8251177,60.3753584,32,18
5450006694000,2082A0030,2082,545500.0,6694499.999,15.8253447,60.3843362,61,12
5450006695000,2082A0030,2082,545500.0,6695500.0,15.825572,60.393314,11,3
5450006696000,2082A0030,2082,545500.0,6696499.997,15.8257993,60.4022918,18,3
5450006697000,2082A0030,2082,545500.0,6697499.998,15.8260269,60.4112696,47,26
5450006698000,2082A0030,2082,545500.0,6698500.0,15.8262545,60.4202473,10,0
5450006700000,2082A0030,2082,545500.0,6700500.003,15.8267103,60.4382029,15,3
5450006701000,2082A0030,2082,545500.0,6701499.999,15.8269384,60.4471805,9,3
5450006704000,2082A0030,2082,545500.0,6704499.998,15.8276235,60.4741136,3,3
5450006706000,2080A0010,2080,545500.0,6706500.001,15.828081,60.492069,18,9
5450006713000,2080A0010,2080,545500.0,6713500.001,15.829687,60.5549123,25,6
5450006720000,2080A0040,2080,545500.0,6720500.002,15.8313001,60.6177549,3,0
5450006721000,2080C1250,2080,545500.0,6721499.998,15.8315312,60.6267323,57,10
5450006722000,2080C1250,2080,545500.0,6722500.0,15.8317624,60.6357098,63,13
5450006723000,2080C1250,2080,545500.0,6723500.001,15.8319937,60.6446873,24,9
5450006724000,2080A0040,2080,545500.0,6724499.997,15.8322252,60.6536647,4,0
5450006725000,2080A0040,2080,545500.0,6725499.999,15.8324569,60.6626421,48,14
5450006726000,2080A0040,2080,545500.0,6726500.0,15.8326887,60.6716195,31,3
5450006728000,2080A0040,2080,545500.0,6728499.998,15.8331527,60.6895743,12,3
5450006732000,2080A0040,2080,545500.0,6732499.999,15.8340826,60.7254837,70,21
5450006733000,2080A0040,2080,545500.0,6733500.001,15.8343154,60.734461,15,4
5450006739000,2080B4010,2080,545500.0,6739499.999,15.8357156,60.7883246,26,6
5450006740000,2080A0060,2080,545500.0,6740500.001,15.8359495,60.7973019,24,3
5460006684000,2083A0020,2083,546500.002,6684499.999,15.841168,60.2944443,64,10
5460006685000,2083A0020,2083,546500.002,6685500.001,15.8413987,60.3034222,346,103
5460006686000,2083A0020,2083,546500.002,6686500.002,15.8416296,60.3124,18,4
5460006687000,2083A0020,2083,546500.002,6687499.999,15.8418606,60.3213779,9,0
5460006688000,2082A0010,2082,546500.002,6688500.0,15.8420918,60.3303557,4,0
5460006689000,2083A0040,2083,546500.002,6689500.002,15.8423231,60.3393336,3,3
5460006694000,2082A0030,2082,546500.002,6694499.999,15.843482,60.3842225,9,3
5460006695000,2082A0030,2082,546500.002,6695500.0,15.8437142,60.3932003,30,7
5460006696000,2082A0030,2082,546500.002,6696499.997,15.8439465,60.402178,14,4
5460006697000,2082A0030,2082,546500.002,6697499.998,15.844179,60.4111558,3,0
5460006698000,2082A0030,2082,546500.002,6698500.0,15.8444117,60.4201335,24,9
5460006699000,2082A0030,2082,546500.002,6699500.001,15.8446445,60.4291112,14,3
5460006700000,2082A0030,2082,546500.002,6700500.003,15.8448775,60.4380889,9,6
5460006704000,2082A0030,2082,546500.002,6704499.998,15.8458108,60.4739995,11,4
5460006705000,2082A0030,2082,546500.002,6705500.0,15.8460445,60.4829772,11,3
5460006707000,2080A0010,2080,546500.002,6707499.998,15.8465124,60.5009324,3,0
5460006712000,2080A0010,2080,546500.002,6712500.0,15.8476847,60.5458203,26,6
5460006713000,2080A0010,2080,546500.002,6713500.001,15.8479196,60.5547978,34,7
5460006721000,2080A0040,2080,546500.002,6721499.998,15.8498043,60.6266175,14,0
5460006722000,2080C1250,2080,546500.002,6722500.0,15.8500406,60.635595,88,23
5460006723000,2080C1250,2080,546500.002,6723500.001,15.850277,60.6445724,135,29
5460006724000,2080A0040,2080,546500.002,6724499.997,15.8505136,60.6535498,33,7
5460006725000,2080A0040,2080,546500.002,6725499.999,15.8507503,60.6625271,44,3
5460006726000,2080A0040,2080,546500.002,6726500.0,15.8509872,60.6715045,29,6
5460006727000,2080A0040,2080,546500.002,6727499.997,15.8512242,60.6804818,41,7
5460006728000,2080A0040,2080,546500.002,6728499.998,15.8514614,60.6894592,27,3
5460006731000,2080B3010,2080,546500.002,6731500.003,15.8521739,60.7163912,15,3
5460006732000,2080B3010,2080,546500.002,6732499.999,15.8524117,60.7253684,6,6
5460006733000,2080B3010,2080,546500.002,6733500.001,15.8526497,60.7343457,12,6
5460006738000,2080B4010,2080,546500.002,6738499.998,15.8538418,60.7792319,116,27
5460006739000,2080B4010,2080,546500.002,6739499.999,15.8540807,60.7882091,93,30
5470006679000,2083A0010,2083,547500.001,6679499.997,15.858079,60.2494391,36,19
5470006680000,2083A0010,2083,547500.001,6680499.999,15.8583139,60.258417,3,0
5470006683000,2083A0020,2083,547500.001,6683500.003,15.8590197,60.2853507,28,3
5470006684000,2083A0020,2083,547500.001,6684499.999,15.8592552,60.2943285,71,27
5470006685000,2083A0020,2083,547500.001,6685500.001,15.8594909,60.3033064,13,10
5470006686000,2083A0020,2083,547500.001,6686500.002,15.8597267,60.3122842,14,7
5470006687000,2083A0020,2083,547500.001,6687499.999,15.8599627,60.321262,11,3
5470006688000,2083A0040,2083,547500.001,6688500.0,15.8601989,60.3302398,21,3
5470006689000,2083A0040,2083,547500.001,6689500.002,15.8604352,60.3392176,23,3
5470006694000,2082A0030,2082,547500.001,6694499.999,15.8616189,60.3841064,3,0
5470006695000,2082A0030,2082,547500.001,6695500.0,15.8618562,60.3930841,3,0
5470006696000,2082A0030,2082,547500.001,6696499.997,15.8620935,60.4020618,3,0
5470006697000,2082A0030,2082,547500.001,6697499.998,15.862331,60.4110395,16,6
5470006698000,2082A0030,2082,547500.001,6698500.0,15.8625687,60.4200172,8,0
5470006699000,2082A0030,2082,547500.001,6699500.001,15.8628065,60.4289949,10,3
5470006701000,2082A0030,2082,547500.001,6701499.999,15.8632826,60.4469501,3,3
5470006702000,2082A0030,2082,547500.001,6702500.001,15.8635209,60.4559278,3,0
5470006704000,2082A0030,2082,547500.001,6704499.998,15.8639979,60.473883,3,0
5470006706000,2082A0030,2082,547500.001,6706500.001,15.8644755,60.4918382,4,0
5470006721000,2080A0040,2080,547500.001,6721499.998,15.8680772,60.6265003,5,3
5470006723000,2080C1250,2080,547500.001,6723500.001,15.8685601,60.644455,16,0
5470006727000,2080A0040,2080,547500.001,6727499.997,15.8695277,60.6803643,9,6
5470006728000,2080B3010,2080,547500.001,6728499.998,15.8697699,60.6893416,44,13
5470006729000,2080B3010,2080,547500.001,6729500.0,15.8700124,60.6983189,72,17
5470006730000,2080B3010,2080,547500.001,6730500.001,15.870255,60.7072962,183,38
5470006731000,2080B3010,2080,547500.001,6731500.003,15.8704978,60.7162735,142,44
5470006732000,2080B3010,2080,547500.001,6732499.999,15.8707407,60.7252507,53,18
5470006733000,2080B3010,2080,547500.001,6733500.001,15.8709837,60.7342279,27,8
5470006734000,2080B3010,2080,547500.001,6734500.002,15.871227,60.7432051,17,0
5470006737000,2080A0060,2080,547500.001,6737500.001,15.8719576,60.7701367,16,3
5470006738000,2080B4010,2080,547500.001,6738499.998,15.8722015,60.7791139,174,51
5470006739000,2080B4010,2080,547500.001,6739499.999,15.8724455,60.788091,68,24
5480006677000,2083A0010,2083,548499.999,6677499.999,15.875662,60.2313654,4,0
5480006679000,2083A0010,2083,548499.999,6679499.997,15.8761413,60.2493211,23,0
5480006680000,2083A0010,2083,548499.999,6680499.999,15.8763812,60.258299,89,22
5480006683000,2083A0020,2083,548499.999,6683500.003,15.8771018,60.2852326,5,6
5480006684000,2083A0020,2083,548499.999,6684499.999,15.8773423,60.2942104,3,0
5480006685000,2083A0020,2083,548499.999,6685500.001,15.877583,60.3031882,12,3
5480006686000,2083A0040,2083,548499.999,6686500.002,15.8778238,60.312166,8,0
5480006688000,2083A0040,2083,548499.999,6688500.0,15.8783058,60.3301215,24,7
5480006689000,2083A0040,2083,548499.999,6689500.002,15.8785471,60.3390993,13,3
5480006694000,2082A0030,2082,548499.999,6694499.999,15.8797558,60.3839878,14,0
5480006695000,2082A0030,2082,548499.999,6695500.0,15.879998,60.3929655,63,9
5480006696000,2082A0030,2082,548499.999,6696499.997,15.8802403,60.4019431,82,21
5480006698000,2082A0030,2082,548499.999,6698500.0,15.8807255,60.4198984,22,8
5480006699000,2082A0030,2082,548499.999,6699500.001,15.8809683,60.428876,11,7
5480006700000,2082A0030,2082,548499.999,6700500.003,15.8812113,60.4378537,60,20
5480006701000,2082A0030,2082,548499.999,6701499.999,15.8814544,60.4468312,66,19
5480006702000,2082A0030,2082,548499.999,6702500.001,15.8816977,60.4558088,8,0
5480006703000,2082A0030,2082,548499.999,6703500.002,15.8819412,60.4647864,29,0
5480006704000,2082A0030,2082,548499.999,6704499.998,15.8821848,60.4737639,3,3
5480006705000,2082A0030,2082,548499.999,6705500.0,15.8824285,60.4827415,5,0
5480006714000,2080A0040,2080,548499.999,6714500.003,15.8846294,60.5635389,3,3
5480006728000,2080A0040,2080,548499.999,6728499.998,15.8880783,60.6892215,22,0
5480006729000,2080A0040,2080,548499.999,6729500.0,15.8883259,60.6981988,5,0
5480006730000,2080B3010,2080,548499.999,6730500.001,15.8885736,60.707176,4,3
5480006731000,2080B3010,2080,548499.999,6731500.003,15.8888214,60.7161532,81,21
5480006732000,2080B3010,2080,548499.999,6732499.999,15.8890695,60.7251304,21,3
5480006733000,2080B3010,2080,548499.999,6733500.001,15.8893176,60.7341076,149,43
5480006734000,2080B3010,2080,548499.999,6734500.002,15.889566,60.7430848,20,3
5480006737000,2080B4010,2080,548499.999,6737500.001,15.890312,60.7700162,3,0
5480006738000,2080B4010,2080,548499.999,6738499.998,15.890561,60.7789933,4,4
5480006739000,2080B4010,2080,548499.999,6739499.999,15.8908101,60.7879705,100,8
5490006673000,2083A0010,2083,549499.997,6673499.998,15.8927378,60.1953335,6,0
5490006680000,2083A0010,2083,549499.997,6680499.999,15.8944483,60.2581785,23,3
5490006681000,2083A0010,2083,549499.997,6681500.0,15.8946933,60.2671564,13,0
5490006682000,2083A0010,2083,549499.997,6682500.001,15.8949385,60.2761342,17,3
5490006685000,2083A0020,2083,549499.997,6685500.001,15.8956749,60.3030675,5,0
5490006686000,2083A0040,2083,549499.997,6686500.002,15.8959206,60.3120452,7,0
5490006687000,2083A0040,2083,549499.997,6687499.999,15.8961666,60.3210229,3,0
5490006688000,2083A0040,2083,549499.997,6688500.0,15.8964126,60.3300007,11,3
5490006689000,2083A0040,2083,549499.997,6689500.002,15.8966589,60.3389784,17,3
5490006693000,2082A0030,2082,549499.997,6693499.997,15.8976454,60.374889,4,0
5490006694000,2082A0030,2082,549499.997,6694499.999,15.8978925,60.3838667,8,0
5490006695000,2082A0030,2082,549499.997,6695500.0,15.8981397,60.3928443,38,6
5490006696000,2082A0030,2082,549499.997,6696499.997,15.898387,60.4018219,50,9
5490006697000,2082A0030,2082,549499.997,6697499.998,15.8986345,60.4107995,20,0
5490006698000,2082A0030,2082,549499.997,6698500.0,15.8988822,60.4197771,4,0
5490006699000,2082A0030,2082,549499.997,6699500.001,15.89913,60.4287547,9,3
5490006700000,2082A0030,2082,549499.997,6700500.003,15.899378,60.4377323,50,15
5490006704000,2082A0030,2082,549499.997,6704499.998,15.9003715,60.4736424,28,7
5490006705000,2082A0030,2082,549499.997,6705500.0,15.9006203,60.4826199,21,5
5490006706000,2082A0030,2082,549499.997,6706500.001,15.9008692,60.4915974,3,0
5490006707000,2082A0030,2082,549499.997,6707499.998,15.9011183,60.5005749,4,0
5490006714000,2080A0040,2080,549499.997,6714500.003,15.9028665,60.5634169,3,3
5490006730000,2080A0040,2080,549499.997,6730500.001,15.906892,60.7070533,27,3
5490006731000,2080A0040,2080,549499.997,6731500.003,15.9071449,60.7160305,12,0
5490006733000,2080B3010,2080,549499.997,6733500.001,15.9076514,60.7339848,304,74
5490006734000,2080B3010,2080,549499.997,6734500.002,15.9079048,60.7429619,786,285
5490006735000,2080B3010,2080,549499.997,6735499.998,15.9081585,60.751939,40,7
5490006736000,2080A0060,2080,549499.997,6736500.0,15.9084123,60.7609161,3,0
5490006738000,2080A0060,2080,549499.997,6738499.998,15.9089203,60.7788703,17,4
5490006739000,2080A0060,2080,549499.997,6739499.999,15.9091746,60.7878474,94,6
5500006679000,2083A0010,2083,550499.999,6679499.997,15.9122656,60.2490778,14,3
5500006680000,2083A0010,2083,550499.999,6680499.999,15.9125154,60.2580556,3,0
5500006682000,2083A0010,2083,550499.999,6682500.001,15.9130154,60.2760112,7,0
5500006683000,2083A0040,2083,550499.999,6683500.003,15.9132657,60.2849889,25,6
5500006686000,2083A0040,2083,550499.999,6686500.002,15.9140174,60.311922,204,43
5500006687000,2083A0040,2083,550499.999,6687499.999,15.9142683,60.3208997,7,3
5500006688000,2083A0040,2083,550499.999,6688500.0,15.9145194,60.3298774,16,4
5500006689000,2083A0040,2083,550499.999,6689500.002,15.9147706,60.3388551,20,0
5500006690000,2083A0040,2083,550499.999,6690499.998,15.915022,60.3478327,4,3
5500006692000,2083A0040,2083,550499.999,6692500.001,15.9155252,60.365788,15,3
5500006693000,2082A0030,2082,550499.999,6693499.997,15.915777,60.3747655,19,7
5500006694000,2082A0030,2082,550499.999,6694499.999,15.9160291,60.3837431,6,3
5500006695000,2082A0030,2082,550499.999,6695500.0,15.9162812,60.3927207,17,7
5500006696000,2082A0030,2082,550499.999,6696499.997,15.9165336,60.4016983,12,0
5500006697000,2082A0030,2082,550499.999,6697499.998,15.9167861,60.4106759,6,6
5500006699000,2082A0030,2082,550499.999,6699500.001,15.9172916,60.428631,3,3
5500006700000,2082A0030,2082,550499.999,6700500.003,15.9175446,60.4376085,3,0
5500006705000,2082A0030,2082,550499.999,6705500.0,15.918812,60.4824959,17,12
5500006730000,2080A0040,2080,550499.999,6730500.001,15.9252103,60.7069281,28,13
5500006731000,2080A0040,2080,550499.999,6731500.003,15.9254684,60.7159053,50,12
5500006734000,2080B3010,2080,550499.999,6734500.002,15.9262436,60.7428366,38,15
5500006735000,2080A0060,2080,550499.999,6735499.998,15.9265024,60.7518136,9,0
5500006736000,2080A0060,2080,550499.999,6736500.0,15.9267613,60.7607907,25,9
5500006737000,2080A0060,2080,550499.999,6737500.001,15.9270204,60.7697677,14,13
5500006738000,2080A0060,2080,550499.999,6738499.998,15.9272796,60.7787447,36,13
5510006675000,2083A0010,2083,551500.002,6675500.001,15.9293103,60.2130415,5,3
5510006678000,2083A0010,2083,551500.002,6678500.001,15.930073,60.2399748,3,6
5510006679000,2083A0010,2083,551500.002,6679499.997,15.9303276,60.2489525,21,10
5510006680000,2083A0010,2083,551500.002,6680499.999,15.9305823,60.2579302,17,9
5510006682000,2083A0010,2083,551500.002,6682500.001,15.9310922,60.2758857,3,0
5510006683000,2083A0040,2083,551500.002,6683500.003,15.9313474,60.2848634,9,0
5510006684000,2083A0040,2083,551500.002,6684499.999,15.9316028,60.293841,20,7
5510006685000,2083A0040,2083,551500.002,6685500.001,15.9318583,60.3028187,30,10
5510006686000,2083A0040,2083,551500.002,6686500.002,15.932114,60.3117964,153,40
5510006687000,2083A0040,2083,551500.002,6687499.999,15.9323699,60.320774,11,0
5510006688000,2083A0040,2083,551500.002,6688500.0,15.9326259,60.3297516,19,0
5510006689000,2083A0040,2083,551500.002,6689500.002,15.9328821,60.3387293,29,9
5510006690000,2083A0040,2083,551500.002,6690499.998,15.9331385,60.3477068,80,32
5510006691000,2083A0040,2083,551500.002,6691500.0,15.933395,60.3566844,10,3
5510006692000,2083A0040,2083,551500.002,6692500.001,15.9336517,60.365662,7,0
5510006693000,2083A0050,2083,551500.002,6693499.997,15.9339085,60.3746396,11,3
5510006694000,2082A0030,2082,551500.002,6694499.999,15.9341655,60.3836171,7,3
5510006695000,2082A0030,2082,551500.002,6695500.0,15.9344227,60.3925947,26,12
5510006696000,2082A0030,2082,551500.002,6696499.997,15.93468,60.4015722,10,0
5510006698000,2083A0050,2083,551500.002,6698500.0,15.9351952,60.4195272,8,3
5510006699000,2083A0050,2083,551500.002,6699500.001,15.935453,60.4285047,21,7
5510006700000,2083A0050,2083,551500.002,6700500.003,15.935711,60.4374822,19,3
5510006704000,2082A0030,2082,551500.002,6704499.998,15.9367446,60.4733919,8,0
5510006705000,2082A0030,2082,551500.002,6705500.0,15.9370035,60.4823693,3,3
5510006712000,2082A0030,2082,551500.002,6712500.0,15.9388199,60.5452109,3,0
5510006713000,2080A0010,2080,551500.002,6713500.001,15.9390801,60.5541882,3,3
5510006717000,2080A0040,2080,551500.002,6717500.002,15.9401224,60.5900973,7,10
5510006729000,2080A0040,2080,551500.002,6729500.0,15.9432654,60.6978233,7,0
5510006730000,2080A0040,2080,551500.002,6730500.001,15.9435284,60.7068004,30,7
5510006731000,2080A0040,2080,551500.002,6731500.003,15.9437916,60.7157775,3,3
5510006734000,2080B3010,2080,551500.002,6734500.002,15.9445822,60.7427087,23,3
5510006735000,2080A0060,2080,551500.002,6735499.998,15.9448461,60.7516857,41,13
5510006737000,2080A0060,2080,551500.002,6737500.001,15.9453743,60.7696397,20,4
5510006738000,2080A0060,2080,551500.002,6738499.998,15.9456387,60.7786167,6,0
5520006676000,2083A0010,2083,552500.0,6676499.998,15.9476113,60.2218916,6,0
5520006677000,2083A0010,2083,552500.0,6677499.999,15.9478704,60.2308693,7,6
5520006678000,2083A0010,2083,552500.0,6678500.001,15.9481298,60.239847,8,0
5520006679000,2083A0010,2083,552500.0,6679499.997,15.9483893,60.2488247,20,7
5520006680000,2083A0010,2083,552500.0,6680499.999,15.9486489,60.2578024,3,3
5520006681000,2083A0010,2083,552500.0,6681500.0,15.9489088,60.2667801,51,21
5520006683000,2083C1030,2083,552500.0,6683500.003,15.9494289,60.2847354,15,3
5520006684000,2083C1030,2083,552500.0,6684499.999,15.9496893,60.293713,19,10
5520006685000,2083A0040,2083,552500.0,6685500.001,15.9499498,60.3026906,42,9
5520006686000,2083A0040,2083,552500.0,6686500.002,15.9502104,60.3116683,10,3
5520006687000,2083A0040,2083,552500.0,6687499.999,15.9504712,60.3206458,26,0
5520006688000,2083A0040,2083,552500.0,6688500.0,15.9507322,60.3296234,42,0
5520006689000,2083A0040,2083,552500.0,6689500.002,15.9509934,60.338601,12,0
5520006690000,2083A0040,2083,552500.0,6690499.998,15.9512547,60.3475785,20,6
5520006694000,2083A0050,2083,552500.0,6694499.999,15.9523017,60.3834886,19,6
5520006695000,2083A0050,2083,552500.0,6695500.0,15.9525639,60.3924661,12,3
5520006698000,2083A0050,2083,552500.0,6698500.0,15.9533514,60.4193985,38,9
5520006699000,2083A0050,2083,552500.0,6699500.001,15.9536142,60.428376,13,3
5520006700000,2083A0050,2083,552500.0,6700500.003,15.9538772,60.4373534,18,14
5520006701000,2083A0050,2083,552500.0,6701499.999,15.9541404,60.4463308,3,0
5520006712000,2082A0030,2082,552500.0,6712500.0,15.9570464,60.5450815,3,0
5520006713000,2082A0030,2082,552500.0,6713500.001,15.9573116,60.5540588,4,0
5520006716000,2080A0040,2080,552500.0,6716500.001,15.9581083,60.5809905,3,0
5520006717000,2080A0040,2080,552500.0,6717500.002,15.9583742,60.5899677,20,11
5520006720000,2080A0040,2080,552500.0,6720500.002,15.9591729,60.6168993,7,0
5520006721000,2080A0040,2080,552500.0,6721499.998,15.9594394,60.6258764,4,0
5520006723000,2080A0040,2080,552500.0,6723500.001,15.9599731,60.6438307,3,0
5520006734000,2080A0060,2080,552500.0,6734500.002,15.9629206,60.7425783,8,0
5520006735000,2080A0060,2080,552500.0,6735499.998,15.9631896,60.7515552,41,20
5520006736000,2080A0060,2080,552500.0,6736500.0,15.9634587,60.7605322,4,0
5530006678000,2083A0010,2083,553499.998,6678500.001,15.9661864,60.2397168,17,9
5530006679000,2083A0010,2083,553499.998,6679499.997,15.9664508,60.2486944,36,6
5530006680000,2083C1010,2083,553499.998,6680499.999,15.9667154,60.2576721,7,0
5530006681000,2083C1010,2083,553499.998,6681500.0,15.9669802,60.2666497,606,161
5530006682000,2083C1010,2083,553499.998,6682500.001,15.9672452,60.2756273,314,77
5530006683000,2083C1030,2083,553499.998,6683500.003,15.9675103,60.284605,768,297
5530006684000,2083C1040,2083,553499.998,6684499.999,15.9677756,60.2935825,476,108
5530006685000,2083C1040,2083,553499.998,6685500.001,15.968041,60.3025601,35,19
5530006686000,2083A0040,2083,553499.998,6686500.002,15.9683066,60.3115377,10,3
5530006687000,2083A0040,2083,553499.998,6687499.999,15.9685724,60.3205152,23,3
5530006689000,2083A0040,2083,553499.998,6689500.002,15.9691045,60.3384703,14,0
5530006694000,2083A0050,2083,553499.998,6694499.999,15.9704377,60.3833577,13,6
5530006695000,2083A0050,2083,553499.998,6695500.0,15.9707049,60.3923351,21,9
5530006696000,2083A0050,2083,553499.998,6696499.997,15.9709722,60.4013125,11,3
5530006697000,2083A0050,2083,553499.998,6697499.998,15.9712397,60.4102899,6,3
5530006698000,2083A0050,2083,553499.998,6698500.0,15.9715074,60.4192674,5,0
5530006701000,2083A0050,2083,553499.998,6701499.999,15.9723114,60.4461995,11,7
5530006717000,2080A0040,2080,553499.998,6717500.002,15.9766258,60.5898356,4,0
5530006722000,2080A0040,2080,553499.998,6722500.0,15.9779832,60.6347212,5,0
5530006723000,2080A0040,2080,553499.998,6723500.001,15.9782552,60.6436983,6,0
5530006734000,2080A0060,2080,553499.998,6734500.002,15.9812588,60.7424454,43,6
5530006735000,2080A0060,2080,553499.998,6735499.998,15.9815329,60.7514223,9,3
5540006674000,2083A0010,2083,554500.001,6674500.0,15.9831671,60.2036736,8,0
5540006675000,2083A0010,2083,554500.001,6675500.001,15.9834358,60.2126513,18,10
5540006676000,2083A0010,2083,554500.001,6676499.998,15.9837047,60.2216289,23,3
5540006677000,2083A0010,2083,554500.001,6677499.999,15.9839737,60.2306065,4,3
5540006678000,2083A0010,2083,554500.001,6678500.001,15.9842429,60.2395841,17,3
5540006679000,2083A0010,2083,554500.001,6679499.997,15.9845123,60.2485617,3,0
5540006681000,2083C1010,2083,554500.001,6681500.0,15.9850516,60.2665169,240,61
5540006682000,2083C1020,2083,554500.001,6682500.001,15.9853215,60.2754945,2217,512
5540006683000,2083C1040,2083,554500.001,6683500.003,15.9855915,60.284472,1943,618
5540006684000,2083C1040,2083,554500.001,6684499.999,15.9858618,60.2934496,352,90
5540006685000,2083C1040,2083,554500.001,6685500.001,15.9861322,60.3024271,39,3
5540006686000,2083A0040,2083,554500.001,6686500.002,15.9864028,60.3114046,3,3
5540006687000,2083A0040,2083,554500.001,6687499.999,15.9866735,60.3203821,6,0
5540006688000,2083A0040,2083,554500.001,6688500.0,15.9869444,60.3293596,4,0
5540006689000,2083A0040,2083,554500.001,6689500.002,15.9872156,60.3383371,10,0
5540006690000,2083A0040,2083,554500.001,6690499.998,15.9874868,60.3473145,5,3
5540006691000,2083A0050,2083,554500.001,6691500.0,15.9877583,60.356292,3,0
5540006693000,2083A0050,2083,554500.001,6693499.997,15.9883017,60.3742468,3,3
5540006694000,2083A0050,2083,554500.001,6694499.999,15.9885737,60.3832242,99,17
5540006695000,2083A0050,2083,554500.001,6695500.0,15.9888458,60.3922016,86,21
5540006696000,2083A0050,2083,554500.001,6696499.997,15.9891181,60.401179,25,3
5540006697000,2083A0050,2083,554500.001,6697499.998,15.9893906,60.4101564,5,0
5540006701000,2083A0050,2083,554500.001,6701499.999,15.9904823,60.4460657,3,0
5540006716000,2082A0030,2082,554500.001,6716500.001,15.9946013,60.580724,3,0
5540006735000,2080A0060,2080,554500.001,6735499.998,15.9998761,60.7512869,8,0
5550006674000,2083A0010,2083,555500.003,6674500.0,16.0012037,60.2035387,5,3
5550006675000,2083A0010,2083,555500.003,6675500.001,16.0014773,60.2125163,3,3
5550006676000,2083A0010,2083,555500.003,6676499.998,16.0017511,60.2214938,7,6
5550006677000,2083A0010,2083,555500.003,6677499.999,16.0020251,60.2304714,39,6
5550006678000,2083A0010,2083,555500.003,6678500.001,16.0022992,60.239449,13,9
5550006679000,2083A0010,2083,555500.003,6679499.997,16.0025736,60.2484265,11,6
5550006680000,2083A0010,2083,555500.003,6680499.999,16.0028481,60.2574041,12,6
5550006681000,2083C1020,2083,555500.003,6681500.0,16.0031227,60.2663816,251,53
5550006682000,2083C1020,2083,555500.003,6682500.001,16.0033976,60.2753592,129,81
5550006683000,2083C1020,2083,555500.003,6683500.003,16.0036726,60.2843367,25,9
5550006684000,2083A0040,2083,555500.003,6684499.999,16.0039478,60.2933141,12,0
5550006685000,2083A0040,2083,555500.003,6685500.001,16.0042232,60.3022916,18,0
5550006686000,2083A0040,2083,555500.003,6686500.002,16.0044987,60.3112691,27,7
5550006689000,2083A0040,2083,555500.003,6689500.002,16.0053264,60.3382014,20,6
5550006692000,2083A0050,2083,555500.003,6692500.001,16.0061557,60.3651336,7,6
5550006694000,2083A0050,2083,555500.003,6694499.999,16.0067094,60.3830883,27,6
5550006695000,2083A0050,2083,555500.003,6695500.0,16.0069866,60.3920657,66,32
5550006696000,2083A0050,2083,555500.003,6696499.997,16.0072639,60.401043,38,4
5550006701000,2083B2010,2083,555500.003,6701499.999,16.0086531,60.4459295,19,8
5550006704000,2083A0050,2083,555500.003,6704499.998,16.0094888,60.4728612,3,7
5550006718000,2080A0040,2080,555500.003,6718499.999,16.0134099,60.5985411,9,3
5550006734000,2080A0060,2080,555500.003,6734500.002,16.0179347,60.7421721,16,0
5560006673000,2083A0010,2083,556500.002,6673499.998,16.0189617,60.1944237,5,0
5560006674000,2083A0010,2083,556500.002,6674500.0,16.0192401,60.2034013,11,0
5560006675000,2083A0010,2083,556500.002,6675500.001,16.0195186,60.2123789,8,0
5560006676000,2083A0010,2083,556500.002,6676499.998,16.0197974,60.2213564,13,0
5560006677000,2083A0010,2083,556500.002,6677499.999,16.0200763,60.2303339,21,3
5560006678000,2083A0010,2083,556500.002,6678500.001,16.0203553,60.2393114,4,3
5560006679000,2083A0010,2083,556500.002,6679499.997,16.0206346,60.2482889,5,0
5560006680000,2083A0010,2083,556500.002,6680499.999,16.020914,60.2572664,170,44
5560006681000,2083A0010,2083,556500.002,6681500.0,16.0211937,60.2662439,3,0
5560006684000,2083A0040,2083,556500.002,6684499.999,16.0220336,60.2931763,4,0
5560006685000,2083A0040,2083,556500.002,6685500.001,16.0223139,60.3021537,27,3
5560006688000,2083A0040,2083,556500.002,6688500.0,16.023156,60.3290859,4,0
5560006689000,2083A0040,2083,556500.002,6689500.002,16.023437,60.3380633,20,3
5560006692000,2083A0050,2083,556500.002,6692500.001,16.0242812,60.3649953,41,13
5560006693000,2083A0050,2083,556500.002,6693499.997,16.024563,60.3739726,13,0
5560006694000,2083A0050,2083,556500.002,6694499.999,16.0248449,60.3829499,12,3
5560006695000,2083A0050,2083,556500.002,6695500.0,16.0251271,60.3919272,7,0
5560006696000,2083A0050,2083,556500.002,6696499.997,16.0254094,60.4009045,9,0
5560006701000,2083B2010,2083,556500.002,6701499.999,16.0268236,60.4457907,304,120
5560006702000,2083B2010,2083,556500.002,6702500.001,16.027107,60.454768,524,175
5560006704000,2083A0050,2083,556500.002,6704499.998,16.0276743,60.4727223,22,12
5560006733000,2080A0060,2080,556500.002,6733500.001,16.0359831,60.7330549,4,3
5560006744000,2080A0060,2080,556500.002,6744500.002,16.0391756,60.8317989,16,9
5570006673000,2083A0010,2083,557500.0,6673499.998,16.036993,60.1942839,6,9
5570006674000,2083A0010,2083,557500.0,6674500.0,16.0372763,60.2032615,7,3
5570006675000,2083A0010,2083,557500.0,6675500.001,16.0375597,60.212239,16,6
5570006676000,2083A0010,2083,557500.0,6676499.998,16.0378434,60.2212164,5,3
5570006677000,2083A0010,2083,557500.0,6677499.999,16.0381272,60.2301939,34,7
5570006678000,2083A0010,2083,557500.0,6678500.001,16.0384113,60.2391714,29,6
5570006679000,2083A0010,2083,557500.0,6679499.997,16.0386955,60.2481488,60,22
5570006680000,2083A0010,2083,557500.0,6680499.999,16.0389798,60.2571263,3,0
5570006681000,2083A0010,2083,557500.0,6681500.0,16.0392644,60.2661037,3,0
5570006685000,2083A0040,2083,557500.0,6685500.001,16.0404045,60.3020133,6,3
5570006686000,2083A0040,2083,557500.0,6686500.002,16.0406899,60.3109907,12,3
5570006687000,2083A0040,2083,557500.0,6687499.999,16.0409756,60.319968,12,3
5570006688000,2083A0040,2083,557500.0,6688500.0,16.0412614,60.3289454,16,0
5570006689000,2083A0040,2083,557500.0,6689500.002,16.0415474,60.3379227,12,3
5570006690000,2083A0050,2083,557500.0,6690499.998,16.0418336,60.3469,8,0
5570006691000,2083A0050,2083,557500.0,6691500.0,16.04212,60.3558773,12,6
5570006692000,2083A0050,2083,557500.0,6692500.001,16.0424066,60.3648546,19,3
5570006693000,2083A0050,2083,557500.0,6693499.997,16.0426933,60.3738318,7,3
5570006694000,2083A0050,2083,557500.0,6694499.999,16.0429803,60.3828091,10,5
5570006695000,2083A0050,2083,557500.0,6695500.0,16.0432674,60.3917863,3,0
5570006696000,2083A0050,2083,557500.0,6696499.997,16.0435547,60.4007636,20,5
5570006697000,2083A0050,2083,557500.0,6697499.998,16.0438422,60.4097408,12,0
5570006699000,2083A0050,2083,557500.0,6699500.001,16.0444177,60.4276952,4,3
5570006701000,2083B2010,2083,557500.0,6701499.999,16.0449939,60.4456495,20,0
5570006702000,2083B2010,2083,557500.0,6702500.001,16.0452823,60.4546267,433,183
5570006703000,2083B2010,2083,557500.0,6703500.002,16.0455709,60.4636039,51,21
5570006705000,2083A0050,2083,557500.0,6705500.0,16.0461487,60.4815581,3,0
5570006723000,2080A0040,2080,557500.0,6723500.001,16.0513818,60.6431439,3,3
5570006724000,2080A0040,2080,557500.0,6724499.997,16.0516743,60.6521208,3,3
5570006738000,2080A0060,2080,557500.0,6738499.998,16.0557894,60.7777956,3,0
5570006744000,2080A0060,2080,557500.0,6744500.002,16.0575644,60.8316555,57,18
5570006755000,2080A0060,2080,557500.0,6755499.998,16.0608366,60.9303973,3,0
5580006670000,2084A0020,2084,558499.998,6670499.999,16.0541605,60.1672092,8,0
5580006672000,2084A0020,2084,558499.998,6672500.002,16.054736,60.1851642,21,6
5580006673000,2083A0010,2083,558499.998,6673499.998,16.0550241,60.1941417,12,3
5580006675000,2083A0010,2083,558499.998,6675500.001,16.0556007,60.2120966,12,0
5580006676000,2083A0010,2083,558499.998,6676499.998,16.0558893,60.2210741,15,12
5580006677000,2083A0010,2083,558499.998,6677499.999,16.056178,60.2300515,17,6
5580006678000,2083A0010,2083,558499.998,6678500.001,16.056467,60.2390289,3,0
5580006679000,2083A0010,2083,558499.998,6679499.997,16.0567561,60.2480063,8,0
5580006680000,2083A0010,2083,558499.998,6680499.999,16.0570455,60.2569837,38,13
5580006684000,2083A0040,2083,558499.998,6684499.999,16.0582046,60.2928931,7,6
5580006685000,2083A0040,2083,558499.998,6685500.001,16.0584948,60.3018705,6,0
5580006686000,2083A0040,2083,558499.998,6686500.002,16.0587853,60.3108478,13,3
5580006687000,2083A0040,2083,558499.998,6687499.999,16.0590759,60.3198251,27,12
5580006688000,2083A0040,2083,558499.998,6688500.0,16.0593667,60.3288024,11,0
5580006689000,2083A0040,2083,558499.998,6689500.002,16.0596577,60.3377796,7,0
5580006690000,2083A0050,2083,558499.998,6690499.998,16.0599489,60.3467569,3,0
5580006691000,2083A0050,2083,558499.998,6691500.0,16.0602402,60.3557341,7,7
5580006692000,2083A0050,2083,558499.998,6692500.001,16.0605318,60.3647114,8,3
5580006693000,2083A0050,2083,558499.998,6693499.997,16.0608235,60.3736886,6,3
5580006694000,2083A0050,2083,558499.998,6694499.999,16.0611154,60.3826658,14,4
5580006695000,2083A0050,2083,558499.998,6695500.0,16.0614075,60.391643,3,0
5580006696000,2083A0050,2083,558499.998,6696499.997,16.0616998,60.4006201,5,3
5580006697000,2083A0050,2083,558499.998,6697499.998,16.0619923,60.4095973,35,14
5580006698000,2083A0050,2083,558499.998,6698500.0,16.062285,60.4185745,19,3
5580006699000,2083A0050,2083,558499.998,6699500.001,16.0625778,60.4275516,5,0
5580006700000,2083A0050,2083,558499.998,6700500.003,16.0628709,60.4365288,3,0
5580006701000,2083A0050,2083,558499.998,6701499.999,16.0631641,60.4455059,24,8
5580006702000,2083B2010,2083,558499.998,6702500.001,16.0634575,60.454483,50,25
5580006703000,2083B2010,2083,558499.998,6703500.002,16.0637511,60.4634601,86,17
5580006705000,2083A0050,2083,558499.998,6705500.0,16.0643389,60.4814142,3,3
5580006754000,2080A0060,2080,558499.998,6754500.001,16.0789784,60.9212744,7,3
5590006670000,2084A0020,2084,559500.0,6670499.999,16.0721767,60.1670647,41,13
5590006671000,2084A0020,2084,559500.0,6671500.0,16.0724693,60.1760422,44,20
5590006672000,2084A0020,2084,559500.0,6672500.002,16.0727621,60.1850196,16,7
5590006673000,2084A0020,2084,559500.0,6673499.998,16.073055,60.193997,3,3
5590006674000,2084A0020,2084,559500.0,6674500.0,16.0733482,60.2029744,14,0
5590006683000,2083A0040,2083,559500.0,6683500.003,16.0759949,60.2837706,9,0
5590006684000,2083A0040,2083,559500.0,6684499.999,16.0762899,60.2927479,18,7
5590006685000,2083A0040,2083,559500.0,6685500.001,16.0765851,60.3017252,6,9
5590006686000,2083A0040,2083,559500.0,6686500.002,16.0768805,60.3107024,3,0
5590006687000,2083A0040,2083,559500.0,6687499.999,16.0771761,60.3196796,44,3
5590006692000,2083A0050,2083,559500.0,6692500.001,16.0786568,60.3645657,6,3
5590006696000,2083A0050,2083,559500.0,6696499.997,16.0798448,60.4004742,19,4
5590006697000,2083A0050,2083,559500.0,6697499.998,16.0801423,60.4094514,14,0
5590006698000,2083A0050,2083,559500.0,6698500.0,16.08044,60.4184285,8,0
5590006701000,2083A0050,2083,559500.0,6701499.999,16.0813341,60.4453597,9,3
5590006703000,2083A0050,2083,559500.0,6703500.002,16.0819312,60.4633138,3,0
5590006704000,2083A0050,2083,559500.0,6704499.998,16.08223,60.4722908,4,0
5590006733000,2080A0060,2080,559500.0,6733500.001,16.0909796,60.7326188,4,0
5590006740000,2080A0060,2080,559500.0,6740500.001,16.0931162,60.795455,3,0
5590006747000,2080A0060,2080,559500.0,6747500.001,16.0952625,60.8582905,6,3
5590006753000,2080A0060,2080,559500.0,6753500.0,16.09711,60.912149,4,3
5600006670000,2084A0020,2084,560500.003,6670499.999,16.0901928,60.1669177,16,0
5600006671000,2084A0020,2084,560500.003,6671500.0,16.0904903,60.1758951,35,15
5600006672000,2084A0020,2084,560500.003,6672500.002,16.090788,60.1848725,4,0
5600006678000,2084A0020,2084,560500.003,6678500.001,16.0925781,60.2387366,3,0
5600006680000,2083A0010,2083,560500.003,6680499.999,16.0931763,60.2566911,6,6
5600006681000,2083A0010,2083,560500.003,6681500.0,16.0934757,60.2656684,12,0
5600006685000,2083A0040,2083,560500.003,6685500.001,16.0946752,60.3015774,7,3
5600006686000,2083A0040,2083,560500.003,6686500.002,16.0949755,60.3105546,31,6
5600006687000,2083A0040,2083,560500.003,6687499.999,16.0952761,60.3195318,28,16
5600006688000,2083A0040,2083,560500.003,6688500.0,16.0955768,60.3285089,3,0
5600006696000,2083A0050,2083,560500.003,6696499.997,16.0979897,60.4003259,54,12
5600006702000,2083A0050,2083,560500.003,6702500.001,16.0998074,60.4541881,6,3
5600006704000,2083A0050,2083,560500.003,6704499.998,16.1004149,60.472142,4,0
5600006733000,2080A0060,2080,560500.003,6733500.001,16.1093114,60.7324684,3,3
5600006755000,2080A0060,2080,560500.003,6755499.998,16.1161726,60.9299501,3,0
5610006670000,2084A0020,2084,561500.001,6670499.999,16.1082085,60.1667683,23,12
5610006671000,2084A0020,2084,561500.001,6671500.0,16.108511,60.1757457,7,3
5610006673000,2084A0020,2084,561500.001,6673499.998,16.1091164,60.1937003,7,0
5610006674000,2084A0020,2084,561500.001,6674500.0,16.1094193,60.2026776,8,3
5610006675000,2084A0020,2084,561500.001,6675500.001,16.1097225,60.2116549,3,0
5610006676000,2084A0020,2084,561500.001,6676499.998,16.1100259,60.2206322,25,0
5610006680000,2083A0010,2083,561500.001,6680499.999,16.1112413,60.2565412,4,0
5610006686000,2083A0040,2083,561500.001,6686500.002,16.1130703,60.3104043,4,0
5610006687000,2083A0030,2083,561500.001,6687499.999,16.1133758,60.3193814,35,12
5610006688000,2083A0030,2083,561500.001,6688500.0,16.1136815,60.3283585,26,6
5610006696000,2083A0050,2083,561500.001,6696499.997,16.1161342,60.400175,23,12
5610006697000,2083A0050,2083,561500.001,6697499.998,16.1164417,60.4091521,23,0
5610006698000,2083A0050,2083,561500.001,6698500.0,16.1167493,60.4181291,3,3
5610006700000,2083A0050,2083,561500.001,6700500.003,16.1173653,60.436083,3,0
5610006702000,2083A0050,2083,561500.001,6702500.001,16.117982,60.4540369,18,9
5610006704000,2083A0050,2083,561500.001,6704499.998,16.1185995,60.4719907,5,0
5610006712000,2083A0050,2083,561500.001,6712500.0,16.1210774,60.5438056,9,3
5610006753000,2080A0060,2080,561500.001,6753500.0,16.1339793,60.9118435,31,11
5620006668000,2084A0020,2084,562499.999,6668500.001,16.1256101,60.1486618,4,0
5620006669000,2084C1070,2084,562499.999,6669500.003,16.125917,60.1576392,14,0
5620006670000,2084C1070,2084,562499.999,6670499.999,16.1262241,60.1666164,71,24
5620006671000,2084A0020,2084,562499.999,6671500.0,16.1265314,60.1755937,10,0
5620006672000,2084A0020,2084,562499.999,6672500.002,16.126839,60.184571,62,14
5620006673000,2084A0020,2084,562499.999,6673499.998,16.1271467,60.1935483,23,14
5620006676000,2084A0020,2084,562499.999,6676499.998,16.128071,60.22048,4,0
5620006677000,2084A0020,2084,562499.999,6677499.999,16.1283795,60.2294572,29,6
5620006678000,2084A0020,2084,562499.999,6678500.001,16.1286882,60.2384344,5,0
5620006680000,2083A0010,2083,562499.999,6680499.999,16.1293062,60.2563888,9,3
5620006688000,2083A0030,2083,562499.999,6688500.0,16.131786,60.3282057,8,3
5620006689000,2083A0030,2083,562499.999,6689500.002,16.1320969,60.3371828,13,11
5620006700000,2083A0050,2083,562499.999,6700500.003,16.1355296,60.4359295,17,6
5620006701000,2083A0050,2083,562499.999,6701499.999,16.1358429,60.4449064,20,3
5620006702000,2083A0050,2083,562499.999,6702500.001,16.1361564,60.4538833,13,3
5620006711000,2083A0050,2083,562499.999,6711499.999,16.1389866,60.5346746,10,3
5620006712000,2083A0050,2083,562499.999,6712500.0,16.1393021,60.5436514,24,11
5620006722000,2080A0040,2080,562499.999,6722500.0,16.1424681,60.6334182,10,0
5620006723000,2080A0040,2080,562499.999,6723500.001,16.1427858,60.6423948,39,16
5620006753000,2080A0060,2080,562499.999,6753500.0,16.1524136,60.9116869,3,3
5630006667000,2084C1070,2084,563499.998,6667500.0,16.143304,60.1395303,367,88
5630006668000,2084C1070,2084,563499.998,6668500.001,16.1436156,60.1485076,336,59
5630006669000,2084C1060,2084,563499.998,6669500.003,16.1439275,60.1574849,198,50
5630006670000,2084C1080,2084,563499.998,6670499.999,16.1442395,60.1664621,91,9
5630006672000,2084A0020,2084,563499.998,6672500.002,16.1448642,60.1844166,15,3
5630006673000,2084A0020,2084,563499.998,6673499.998,16.1451768,60.1933938,31,11
5630006674000,2084A0020,2084,563499.998,6674500.0,16.1454897,60.202371,3,0
5630006675000,2084A0020,2084,563499.998,6675500.001,16.1458027,60.2113482,11,4
5630006676000,2084A0020,2084,563499.998,6676499.998,16.1461159,60.2203253,5,3
5630006677000,2084A0020,2084,563499.998,6677499.999,16.1464294,60.2293025,11,4
5630006680000,2083A0030,2083,563499.998,6680499.999,16.1473709,60.2562339,3,3
5630006688000,2083A0030,2083,563499.998,6688500.0,16.1498904,60.3280504,24,6
5630006691000,2083A0030,2083,563499.998,6691500.0,16.1508385,60.3549813,3,3
5630006693000,2083A0050,2083,563499.998,6693499.997,16.1514716,60.3729352,5,0
5630006700000,2083A0050,2083,563499.998,6700500.003,16.1536938,60.4357735,5,0
5630006701000,2083A0050,2083,563499.998,6701499.999,16.1540121,60.4447503,26,6
5630006702000,2083A0050,2083,563499.998,6702500.001,16.1543305,60.4537271,3,3
5630006711000,2083A0050,2083,563499.998,6711499.999,16.157206,60.534518,3,6
5640006667000,2084C1040,2084,564500.0,6667500.0,16.1613045,60.1393737,2847,763
5640006668000,2084C1060,2084,564500.0,6668500.001,16.1616211,60.148351,2173,538
5640006669000,2084C1080,2084,564500.0,6669500.003,16.1619378,60.1573282,302,74
5640006670000,2084C1080,2084,564500.0,6670499.999,16.1622548,60.1663053,381,89
5640006672000,2084A0020,2084,564500.0,6672500.002,16.1628893,60.1842597,14,3
5640006673000,2084A0020,2084,564500.0,6673499.998,16.1632068,60.1932368,16,9
5640006675000,2084A0020,2084,564500.0,6675500.001,16.1638426,60.2111911,18,7
5640006677000,2084A0020,2084,564500.0,6677499.999,16.1644791,60.2291453,3,0
5640006690000,2083A0030,2083,564500.0,6690499.998,16.1686364,60.3458464,4,0
5640006693000,2083A0030,2083,564500.0,6693499.997,16.1696006,60.3727771,46,11
5640006700000,2083A0050,2083,564500.0,6700500.003,16.1718578,60.435615,16,3
5640006701000,2083A0050,2083,564500.0,6701499.999,16.1721811,60.4445918,30,6
5640006702000,2083A0050,2083,564500.0,6702500.001,16.1725046,60.4535686,3,0
5640006724000,2080A0040,2080,564500.0,6724499.997,16.1796741,60.6510541,3,0
5640006747000,2080A0060,2080,564500.0,6747500.001,16.1872791,60.8575095,3,0
5650006667000,2084C1040,2084,565500.002,6667500.0,16.1793049,60.1392147,1042,429
5650006668000,2084C1060,2084,565500.002,6668500.001,16.1796263,60.1481919,741,177
5650006669000,2084C1090,2084,565500.002,6669500.003,16.179948,60.157169,1177,299
5650006670000,2084C1080,2084,565500.002,6670499.999,16.1802698,60.1661461,664,168
5650006671000,2084A0020,2084,565500.002,6671500.0,16.1805919,60.1751233,9,3
5650006672000,2084A0020,2084,565500.002,6672500.002,16.1809142,60.1841004,3,3
5650006674000,2084A0020,2084,565500.002,6674500.0,16.1815593,60.2020545,23,6
5650006675000,2084A0020,2084,565500.002,6675500.001,16.1818822,60.2110316,30,12
5650006677000,2084A0020,2084,565500.002,6677499.999,16.1825286,60.2289857,12,6
5650006678000,2083A0030,2083,565500.002,6678500.001,16.1828521,60.2379627,6,0
5650006679000,2083A0030,2083,565500.002,6679499.997,16.1831758,60.2469397,10,0
5650006683000,2083A0030,2083,565500.002,6683500.003,16.1844727,60.2828477,4,0
5650006684000,2083A0030,2083,565500.002,6684499.999,16.1847975,60.2918246,3,0
5650006685000,2083A0030,2083,565500.002,6685500.001,16.1851224,60.3008016,9,7
5650006686000,2083A0030,2083,565500.002,6686500.002,16.1854476,60.3097785,114,28
5650006687000,2083A0030,2083,565500.002,6687499.999,16.1857729,60.3187554,197,46
5650006690000,2083A0030,2083,565500.002,6690499.998,16.1867503,60.345686,3,0
5650006691000,2083A0030,2083,565500.002,6691500.0,16.1870765,60.3546629,12,3
5650006692000,2083A0030,2083,565500.002,6692500.001,16.1874029,60.3636398,6,3
5650006701000,2083A0050,2083,565500.002,6701499.999,16.1903499,60.4444308,24,6
5660006660000,2084A0010,2084,566500.001,6660499.999,16.1950262,60.0762131,9,9
5660006663000,2084A0010,2084,566500.001,6663499.999,16.1960016,60.1031446,3,3
5660006665000,2084C1010,2084,566500.001,6665500.002,16.1966528,60.121099,151,37
5660006666000,2084C1010,2084,566500.001,6666500.003,16.1969788,60.1300761,106,30
5660006667000,2084C1040,2084,566500.001,6667500.0,16.1973049,60.1390532,198,91
5660006668000,2084C1060,2084,566500.001,6668500.001,16.1976313,60.1480303,148,44
5660006669000,2084C1090,2084,566500.001,6669500.003,16.1979579,60.1570074,718,213
5660006670000,2084C1090,2084,566500.001,6670499.999,16.1982846,60.1659845,205,47
5660006671000,2084A0020,2084,566500.001,6671500.0,16.1986116,60.1749615,20,9
5660006672000,2084A0020,2084,566500.001,6672500.002,16.1989388,60.1839386,13,0
5660006674000,2084A0020,2084,566500.001,6674500.0,16.1995938,60.2018926,3,0
5660006678000,2083A0030,2083,566500.001,6678500.001,16.2009063,60.2378006,3,0
5660006682000,2083A0030,2083,566500.001,6682500.001,16.2022221,60.2737084,7,0
5660006683000,2083A0030,2083,566500.001,6683500.003,16.2025516,60.2826853,44,12
5660006684000,2083A0030,2083,566500.001,6684499.999,16.2028813,60.2916622,12,7
5660006686000,2083A0030,2083,566500.001,6686500.002,16.2035413,60.3096159,3,0
5660006687000,2083A0030,2083,566500.001,6687499.999,16.2038717,60.3185927,136,29
5660006692000,2083A0030,2083,566500.001,6692500.001,16.2055265,60.3634768,23,0
5660006700000,2083A0050,2083,566500.001,6700500.003,16.2081852,60.4352906,147,58
5660006701000,2083A0050,2083,566500.001,6701499.999,16.2085185,60.4442673,10,11
5660006731000,2080A0060,2080,566500.001,6731500.003,16.2186176,60.7135611,10,0
5670006660000,2084A0010,2084,567499.999,6660499.999,16.2129918,60.0760496,3,3
5670006661000,2084A0010,2084,567499.999,6661500.001,16.2133216,60.0850267,49,22
5670006662000,2084A0010,2084,567499.999,6662499.997,16.2136516,60.0940038,13,0
5670006663000,2084A0010,2084,567499.999,6663499.999,16.2139818,60.1029809,34,6
5670006664000,2084C1030,2084,567499.999,6664500.0,16.2143123,60.111958,7,0
5670006665000,2084C1010,2084,567499.999,6665500.002,16.2146429,60.1209351,304,34
5670006666000,2084C1020,2084,567499.999,6666500.003,16.2149737,60.1299122,1670,441
5670006667000,2084C1020,2084,567499.999,6667500.0,16.2153048,60.1388893,71,30
5670006668000,2084C1090,2084,567499.999,6668500.001,16.215636,60.1478663,3,0
5670006669000,2084C1090,2084,567499.999,6669500.003,16.2159675,60.1568434,286,69
5670006670000,2084C1090,2084,567499.999,6670499.999,16.2162992,60.1658203,74,30
5670006671000,2084A0020,2084,567499.999,6671500.0,16.2166311,60.1747974,49,14
5670006675000,2084A0020,2084,567499.999,6675500.001,16.2179608,60.2107053,12,0
5670006677000,2084A0020,2084,567499.999,6677499.999,16.2186269,60.2286591,4,3
5670006680000,2083A0030,2083,567499.999,6680499.999,16.2196276,60.2555898,11,3
5670006681000,2083A0030,2083,567499.999,6681500.0,16.2199617,60.2645667,15,8
5670006682000,2083A0030,2083,567499.999,6682500.001,16.2202959,60.2735435,3,0
5670006684000,2083A0030,2083,567499.999,6684499.999,16.220965,60.2914972,4,0
5670006686000,2083A0030,2083,567499.999,6686500.002,16.2216349,60.3094509,9,6
5670006693000,2083A0030,2083,567499.999,6693499.997,16.2239864,60.3722881,7,0
5670006699000,2083A0050,2083,567499.999,6699500.001,16.2260104,60.4261481,37,18
5670006700000,2083A0050,2083,567499.999,6700500.003,16.2263485,60.4351247,3,0
5670006701000,2083A0050,2083,567499.999,6701499.999,16.2266868,60.4441013,5,3
5670006731000,2080A0060,2080,567499.999,6731500.003,16.2369377,60.7133933,57,20
5680006661000,2084A0010,2084,568499.997,6661500.001,16.2312919,60.0848607,7,9
5680006662000,2084A0010,2084,568499.997,6662499.997,16.2316268,60.0938377,6,3
5680006663000,2084A0010,2084,568499.997,6663499.999,16.2319619,60.1028148,6,3
5680006664000,2084A0010,2084,568499.997,6664500.0,16.2322972,60.1117918,54,20
5680006665000,2084C1010,2084,568499.997,6665500.002,16.2326327,60.1207689,193,43
5680006667000,2084C1020,2084,568499.997,6667500.0,16.2333044,60.1387229,38,6
5680006668000,2084C1030,2084,568499.997,6668500.001,16.2336406,60.1476999,275,60
5680006669000,2084A0010,2084,568499.997,6669500.003,16.233977,60.1566769,7,3
5680006670000,2084C1090,2084,568499.997,6670499.999,16.2343136,60.1656538,64,21
5680006671000,2084C1090,2084,568499.997,6671500.0,16.2346504,60.1746307,59,23
5680006672000,2084A0020,2084,568499.997,6672500.002,16.2349874,60.1836077,4,6
5680006673000,2084A0020,2084,568499.997,6673499.998,16.2353246,60.1925846,14,3
5680006677000,2084A0020,2084,568499.997,6677499.999,16.2366757,60.2284921,4,6
5680006678000,2084A0020,2084,568499.997,6678500.001,16.237014,60.237469,3,0
5680006679000,2084A0020,2084,568499.997,6679499.997,16.2373525,60.2464458,13,0
5680006686000,2083A0030,2083,568499.997,6686500.002,16.2397282,60.3092833,3,3
5680006687000,2083A0030,2083,568499.997,6687499.999,16.2400685,60.31826,7,7
5680006693000,2083A0030,2083,568499.997,6693499.997,16.2421146,60.3721201,3,0
5680006701000,2083A0050,2083,568499.997,6701499.999,16.244855,60.4439329,4,0
5680006730000,2080A0060,2080,568499.997,6730500.001,16.2549075,60.7042468,25,9
5680006731000,2080A0060,2080,568499.997,6731500.003,16.2552575,60.713223,61,16
5690006663000,2084A0010,2084,569500.0,6663499.999,16.2499418,60.1026462,4,7
5690006664000,2084C1030,2084,569500.0,6664500.0,16.250282,60.1116232,12,0
5690006665000,2084C1030,2084,569500.0,6665500.002,16.2506225,60.1206002,641,132
5690006666000,2084C1030,2084,569500.0,6666500.003,16.2509631,60.1295771,236,74
5690006667000,2084C1030,2084,569500.0,6667500.0,16.2513039,60.1385541,14,3
5690006668000,2084C1030,2084,569500.0,6668500.001,16.251645,60.147531,125,10
5690006669000,2084A0010,2084,569500.0,6669500.003,16.2519863,60.1565079,13,6
5690006670000,2084A0020,2084,569500.0,6670499.999,16.2523278,60.1654848,4,3
5690006672000,2084A0020,2084,569500.0,6672500.002,16.2530114,60.1834386,23,11
5690006673000,2084A0020,2084,569500.0,6673499.998,16.2533536,60.1924154,10,0
5690006675000,2084A0020,2084,569500.0,6675500.001,16.2540386,60.2103691,5,0
5690006677000,2084A0020,2084,569500.0,6677499.999,16.2547244,60.2283227,11,12
5690006678000,2084A0020,2084,569500.0,6678500.001,16.2550676,60.2372995,20,9
5690006679000,2084A0020,2084,569500.0,6679499.997,16.2554111,60.2462762,25,7
5690006686000,2083A0030,2083,569500.0,6686500.002,16.2578214,60.3091133,3,3
5690006687000,2083A0030,2083,569500.0,6687499.999,16.2581667,60.31809,16,0
5690006692000,2083A0030,2083,569500.0,6692500.001,16.2598961,60.3629731,6,7
5690006693000,2083A0030,2083,569500.0,6693499.997,16.2602426,60.3719497,7,3
5690006698000,2083A0050,2083,569500.0,6698500.0,16.2619786,60.4168325,3,3
5690006702000,2083A0050,2083,569500.0,6702500.001,16.2633715,60.4527384,11,6
5690006730000,2080A0060,2080,569500.0,6730500.001,16.2732221,60.7040741,27,13
5700006662000,2084A0010,2084,570500.002,6662499.997,16.2675767,60.0934982,11,0
5700006663000,2084A0010,2084,570500.002,6663499.999,16.2679216,60.1024752,7,3
5700006664000,2084C1030,2084,570500.002,6664500.0,16.2682666,60.1114521,23,3
5700006665000,2084C1030,2084,570500.002,6665500.002,16.268612,60.120429,165,38
5700006666000,2084C1030,2084,570500.002,6666500.003,16.2689575,60.1294059,203,74
5700006667000,2084C1030,2084,570500.002,6667500.0,16.2693032,60.1383828,43,7
5700006668000,2084A0010,2084,570500.002,6668500.001,16.2696492,60.1473597,6,3
5700006669000,2084A0010,2084,570500.002,6669500.003,16.2699954,60.1563365,34,3
5700006670000,2084A0010,2084,570500.002,6670499.999,16.2703418,60.1653133,33,15
5700006671000,2084A0010,2084,570500.002,6671500.0,16.2706884,60.1742902,3,0
5700006672000,2084A0020,2084,570500.002,6672500.002,16.2710353,60.183267,3,3
5700006673000,2084A0020,2084,570500.002,6673499.998,16.2713824,60.1922437,17,3
5700006674000,2084A0020,2084,570500.002,6674500.0,16.2717296,60.2012205,3,0
5700006676000,2084A0020,2084,570500.002,6676499.998,16.2724249,60.219174,13,11
5700006678000,2084A0020,2084,570500.002,6678500.001,16.273121,60.2371275,13,6
5700006679000,2084A0020,2084,570500.002,6679499.997,16.2734694,60.2461042,41,8
5700006693000,2083A0050,2083,570500.002,6693499.997,16.2783704,60.3717768,7,0
5700006698000,2083A0050,2083,570500.002,6698500.0,16.2801314,60.4166593,14,3
5700006703000,2083A0050,2083,570500.002,6703500.002,16.281898,60.4615414,3,3
5700006729000,2080A0060,2080,570500.002,6729500.0,16.2911765,60.6949228,15,6
5700006730000,2080A0060,2080,570500.002,6730500.001,16.2915365,60.7038989,3,0
5710006661000,2084A0010,2084,571500.0,6661500.001,16.2852017,60.084348,11,3
5710006662000,2084A0010,2084,571500.0,6662499.997,16.2855512,60.0933248,20,6
5710006663000,2084A0010,2084,571500.0,6663499.999,16.285901,60.1023017,25,6
5710006664000,2084C1030,2084,571500.0,6664500.0,16.286251,60.1112786,74,7
5710006665000,2084C1030,2084,571500.0,6665500.002,16.2866012,60.1202554,72,10
5710006666000,2084A0010,2084,571500.0,6666500.003,16.2869516,60.1292323,25,9
5710006668000,2084A0010,2084,571500.0,6668500.001,16.2876531,60.1471859,26,11
5710006669000,2084A0010,2084,571500.0,6669500.003,16.2880042,60.1561627,15,3
5710006670000,2084A0010,2084,571500.0,6670499.999,16.2883555,60.1651394,20,3
5710006671000,2084A0020,2084,571500.0,6671500.0,16.2887071,60.1741162,3,0
5710006672000,2084A0020,2084,571500.0,6672500.002,16.2890588,60.1830929,27,6
5710006673000,2084A0020,2084,571500.0,6673499.998,16.2894108,60.1920696,44,9
5710006674000,2084A0020,2084,571500.0,6674500.0,16.289763,60.2010464,55,13
5710006675000,2084A0020,2084,571500.0,6675500.001,16.2901155,60.2100231,5,6
5710006676000,2084A0020,2084,571500.0,6676499.998,16.2904681,60.2189998,9,0
5710006677000,2084A0020,2084,571500.0,6677499.999,16.290821,60.2279764,39,10
5710006678000,2084A0020,2084,571500.0,6678500.001,16.2911741,60.2369531,28,7
5710006684000,2083A0030,2083,571500.0,6684499.999,16.2932975,60.2908128,10,6
5710006686000,2083A0030,2083,571500.0,6686500.002,16.2940071,60.308766,3,0
5710006689000,2083A0030,2083,571500.0,6689500.002,16.2950732,60.3356956,13,0
5710006694000,2083A0050,2083,571500.0,6694499.999,16.2968546,60.3805779,3,0
5710006695000,2083A0050,2083,571500.0,6695500.0,16.2972116,60.3895544,3,0
5710006697000,2083A0050,2083,571500.0,6697499.998,16.2979262,60.4075072,3,0
5710006729000,2080A0060,2080,571500.0,6729500.0,16.3094854,60.6947452,4,0
5720006661000,2084A0010,2084,572499.999,6661500.001,16.3031711,60.0841722,13,9
5720006662000,2084A0010,2084,572499.999,6662499.997,16.3035255,60.093149,23,6
5720006663000,2084A0010,2084,572499.999,6663499.999,16.3038802,60.1021258,74,22
5720006665000,2084A0010,2084,572499.999,6665500.002,16.3045901,60.1200794,7,6
5720006668000,2084A0010,2084,572499.999,6668500.001,16.3056568,60.1470097,39,14
5720006669000,2084A0010,2084,572499.999,6669500.003,16.3060128,60.1559864,126,40
5720006670000,2084A0010,2084,572499.999,6670499.999,16.306369,60.1649631,70,10
5720006671000,2084A0010,2084,572499.999,6671500.0,16.3067255,60.1739398,13,0
5720006672000,2084A0020,2084,572499.999,6672500.002,16.3070821,60.1829165,12,0
5720006673000,2084A0020,2084,572499.999,6673499.998,16.3074391,60.1918931,25,6
5720006674000,2084A0020,2084,572499.999,6674500.0,16.3077962,60.2008698,304,102
5720006675000,2084A0020,2084,572499.999,6675500.001,16.3081535,60.2098464,331,87
5720006676000,2084A0020,2084,572499.999,6676499.998,16.3085111,60.218823,20,3
5720006678000,2084A0020,2084,572499.999,6678500.001,16.309227,60.2367763,8,3
5720006694000,2083A0050,2083,572499.999,6694499.999,16.3149868,60.3804,3,0
5720006695000,2083A0050,2083,572499.999,6695500.0,16.3153488,60.3893764,4,0
5720006696000,2083A0050,2083,572499.999,6696499.997,16.315711,60.3983527,3,3
5730006663000,2084A0010,2084,573499.997,6663499.999,16.3218591,60.1019475,6,0
5730006664000,2084A0010,2084,573499.997,6664500.0,16.3222189,60.1109242,19,6
5730006665000,2084A0010,2084,573499.997,6665500.002,16.3225789,60.1199009,10,0
5730006666000,2084A0010,2084,573499.997,6666500.003,16.3229391,60.1288776,16,0
5730006669000,2084A0010,2084,573499.997,6669500.003,16.3240211,60.1558077,11,13
5730006670000,2084A0010,2084,573499.997,6670499.999,16.3243823,60.1647843,41,10
5730006671000,2084A0010,2084,573499.997,6671500.0,16.3247436,60.1737609,10,0
5730006673000,2084A0020,2084,573499.997,6673499.998,16.3254671,60.1917141,3,0
5730006674000,2084A0020,2084,573499.997,6674500.0,16.3258291,60.2006907,3,0
5730006675000,2084A0020,2084,573499.997,6675500.001,16.3261914,60.2096673,56,10
5730006676000,2084A0020,2084,573499.997,6676499.998,16.3265539,60.2186438,20,6
5730006677000,2084A0020,2084,573499.997,6677499.999,16.3269167,60.2276204,3,0
5730006678000,2084A0020,2084,573499.997,6678500.001,16.3272796,60.2365969,3,3
5730006688000,2084A0030,2084,573499.997,6688500.0,16.3309222,60.3263616,3,3
5730006695000,2083A0050,2083,573499.997,6695500.0,16.3334858,60.389196,3,3
5740006663000,2084A0010,2084,574499.999,6663499.999,16.339838,60.1017667,4,0
5740006665000,2084A0010,2084,574499.999,6665500.002,16.3405675,60.11972,17,13
5740006666000,2084A0010,2084,574499.999,6666500.003,16.3409326,60.1286967,3,6
5740006670000,2084A0010,2084,574499.999,6670499.999,16.3423954,60.164603,15,0
5740006671000,2084A0010,2084,574499.999,6671500.0,16.3427617,60.1735796,11,0
5740006672000,2084A0010,2084,574499.999,6672500.002,16.3431282,60.1825562,14,6
5740006673000,2084A0010,2084,574499.999,6673499.998,16.3434949,60.1915327,7,3
5740006675000,2084A0020,2084,574499.999,6675500.001,16.3442291,60.2094857,3,3
5740006686000,2084A0030,2084,574499.999,6686500.002,16.3482839,60.3082265,10,0
5750006662000,2084A0010,2084,575500.002,6662499.997,16.3574472,60.0926068,27,9
5750006663000,2084A0010,2084,575500.002,6663499.999,16.3578165,60.1015834,14,12
5750006664000,2084A0010,2084,575500.002,6664500.0,16.3581861,60.1105601,30,8
5750006665000,2084A0010,2084,575500.002,6665500.002,16.3585559,60.1195366,9,3
5750006666000,2084A0010,2084,575500.002,6666500.003,16.3589259,60.1285132,28,9
5750006667000,2084A0010,2084,575500.002,6667500.0,16.3592961,60.1374897,7,3
5750006670000,2084A0010,2084,575500.002,6670499.999,16.3604083,60.1644193,8,9
5750006671000,2084A0010,2084,575500.002,6671500.0,16.3607795,60.1733958,10,3
5750006672000,2084A0010,2084,575500.002,6672500.002,16.3611509,60.1823723,19,7
5750006673000,2084A0010,2084,575500.002,6673499.998,16.3615225,60.1913488,21,5
5750006674000,2084A0020,2084,575500.002,6674500.0,16.3618944,60.2003252,17,3
5750006675000,2084A0020,2084,575500.002,6675500.001,16.3622666,60.2093017,6,0
5750006681000,2084A0030,2084,575500.002,6681500.0,16.3645043,60.2631601,14,6
5750006684000,2084A0030,2084,575500.002,6684499.999,16.3656264,60.2900891,4,3
5760006661000,2084A0010,2084,576500.0,6661500.001,16.3750467,60.0834447,12,3
5760006662000,2084A0010,2084,576500.0,6662499.997,16.3754206,60.0924212,24,6
5760006663000,2084A0010,2084,576500.0,6663499.999,16.3757948,60.1013978,7,0
5760006664000,2084A0010,2084,576500.0,6664500.0,16.3761692,60.1103743,5,9
5760006665000,2084A0010,2084,576500.0,6665500.002,16.3765439,60.1193508,24,9
5760006666000,2084A0010,2084,576500.0,6666500.003,16.3769188,60.1283273,12,9
5760006667000,2084A0010,2084,576500.0,6667500.0,16.377294,60.1373038,15,3
5760006668000,2084A0010,2084,576500.0,6668500.001,16.3776694,60.1462803,9,0
5760006669000,2084A0010,2084,576500.0,6669500.003,16.378045,60.1552568,8,3
5760006671000,2084A0010,2084,576500.0,6671500.0,16.3787969,60.1732096,3,0
5760006675000,2084A0020,2084,576500.0,6675500.001,16.3803037,60.2091152,8,3
5760006680000,2084A0030,2084,576500.0,6680499.999,16.3821926,60.2539969,3,0
5760006681000,2084A0030,2084,576500.0,6681500.0,16.3825711,60.2629732,14,3
5760006683000,2084A0030,2084,576500.0,6683500.003,16.3833288,60.2809258,12,0
5760006684000,2084B2010,2084,576500.0,6684499.999,16.383708,60.289902,11,0
5760006685000,2084B2010,2084,576500.0,6685500.001,16.3840875,60.2988782,3,3
5760006692000,2084A0030,2084,576500.0,6692500.001,16.3867506,60.3617115,3,0
5770006662000,2084A0010,2084,577499.998,6662499.997,16.3933938,60.0922332,16,7
5770006667000,2084A0010,2084,577499.998,6667500.0,16.3952916,60.1371154,7,4
5770006668000,2084A0010,2084,577499.998,6668500.001,16.3956719,60.1460918,21,0
5770006669000,2084A0010,2084,577499.998,6669500.003,16.3960524,60.1550682,3,0
5770006670000,2084A0010,2084,577499.998,6670499.999,16.3964332,60.1640446,10,6
5770006671000,2084A0010,2084,577499.998,6671500.0,16.3968142,60.173021,17,0
5770006681000,2084A0030,2084,577499.998,6681500.0,16.4006376,60.2627838,45,6
5770006682000,2084A0030,2084,577499.998,6682500.001,16.4010213,60.2717601,6,6
5770006683000,2084B2010,2084,577499.998,6683500.003,16.4014052,60.2807363,86,38
5770006684000,2084B2010,2084,577499.998,6684499.999,16.4017894,60.2897124,437,137
5770006685000,2084B2010,2084,577499.998,6685500.001,16.4021738,60.2986886,280,108
5770006686000,2084B2010,2084,577499.998,6686500.002,16.4025585,60.3076648,30,19
5780006668000,2084A0010,2084,578500.001,6668500.001,16.4136742,60.1459009,4,0
5780006669000,2084A0010,2084,578500.001,6669500.003,16.4140596,60.1548773,38,9
5780006670000,2084A0030,2084,578500.001,6670499.999,16.4144453,60.1638535,3,0
5780006671000,2084A0030,2084,578500.001,6671500.0,16.4148312,60.1728299,19,12
5780006677000,2084A0030,2084,578500.001,6677499.999,16.4171519,60.2266873,5,6
5780006678000,2084A0030,2084,578500.001,6678500.001,16.4175396,60.2356635,34,11
5780006680000,2084A0030,2084,578500.001,6680499.999,16.4183156,60.2536159,3,0
5780006681000,2084A0030,2084,578500.001,6681500.0,16.418704,60.262592,10,3
5780006683000,2084B2010,2084,578500.001,6683500.003,16.4194815,60.2805443,24,8
5780006684000,2084B2010,2084,578500.001,6684499.999,16.4198706,60.2895204,35,10
5780006685000,2084B2010,2084,578500.001,6685500.001,16.42026,60.2984965,72,32
5780006686000,2084B2010,2084,578500.001,6686500.002,16.4206496,60.3074726,37,15
5780006687000,2084A0030,2084,578500.001,6687499.999,16.4210395,60.3164487,10,0
5780006691000,2084A0030,2084,578500.001,6691500.0,16.4226014,60.3523528,12,3
5780006692000,2084A0030,2084,578500.001,6692500.001,16.4229926,60.3613289,3,0
5790006667000,2084A0010,2084,579500.003,6667500.0,16.4312862,60.1367313,16,0
5790006668000,2084A0010,2084,579500.003,6668500.001,16.4316763,60.1457076,8,3
5790006669000,2084A0030,2084,579500.003,6669500.003,16.4320667,60.1546839,10,5
5790006670000,2084A0030,2084,579500.003,6670499.999,16.4324572,60.1636601,25,9
5790006672000,2084A0030,2084,579500.003,6672500.002,16.4332391,60.1816125,15,7
5790006673000,2084A0030,2084,579500.003,6673499.998,16.4336305,60.1905887,3,3
5790006676000,2084A0030,2084,579500.003,6676499.998,16.4348059,60.2175172,3,3
5790006677000,2084A0030,2084,579500.003,6677499.999,16.4351983,60.2264933,3,0
5790006678000,2084A0030,2084,579500.003,6678500.001,16.4355908,60.2354695,75,36
5790006679000,2084A0030,2084,579500.003,6679499.997,16.4359837,60.2444456,64,14
5790006681000,2084A0030,2084,579500.003,6681500.0,16.4367701,60.2623978,9,3
5790006682000,2084A0030,2084,579500.003,6682500.001,16.4371636,60.2713739,34,6
5790006684000,2084B2010,2084,579500.003,6684499.999,16.4379515,60.289326,4,0
5790006685000,2084B2010,2084,579500.003,6685500.001,16.4383459,60.298302,17,6
5790006691000,2084A0030,2084,579500.003,6691500.0,16.4407171,60.3521579,3,7
5800006671000,2084A0030,2084,580500.001,6671500.0,16.4508646,60.1724403,30,11
5800006672000,2084A0030,2084,580500.001,6672500.002,16.4512606,60.1814164,3,6
5800006673000,2084A0030,2084,580500.001,6673499.998,16.4516568,60.1903925,8,3
5800006674000,2084A0030,2084,580500.001,6674500.0,16.4520533,60.1993687,18,6
5800006675000,2084A0030,2084,580500.001,6675500.001,16.4524501,60.2083448,5,0
5800006676000,2084A0030,2084,580500.001,6676499.998,16.452847,60.2173208,4,0
5800006677000,2084A0030,2084,580500.001,6677499.999,16.4532443,60.2262969,20,9
5800006678000,2084A0030,2084,580500.001,6678500.001,16.4536418,60.235273,5,0
5800006679000,2084A0030,2084,580500.001,6679499.997,16.4540396,60.244249,26,6
5800006681000,2084A0030,2084,580500.001,6681500.0,16.4548358,60.2622011,5,0
5800006682000,2084A0030,2084,580500.001,6682500.001,16.4552344,60.2711771,3,3
5800006685000,2084A0030,2084,580500.001,6685500.001,16.4564314,60.298105,8,0
5810006671000,2084A0030,2084,581500.0,6671500.0,16.4688808,60.1722418,4,0
5810006672000,2084A0030,2084,581500.0,6672500.002,16.4692817,60.1812179,143,69
5810006673000,2084A0030,2084,581500.0,6673499.998,16.4696829,60.1901939,26,6
5810006674000,2084A0030,2084,581500.0,6674500.0,16.4700843,60.19917,27,6
5810006675000,2084A0030,2084,581500.0,6675500.001,16.470486,60.208146,68,19
5810006679000,2084A0030,2084,581500.0,6679499.997,16.4720952,60.24405,4,6
5810006680000,2084A0030,2084,581500.0,6680499.999,16.4724982,60.2530259,7,0
5820006671000,2084A0030,2084,582499.998,6671500.0,16.4868968,60.1720409,15,6
5820006672000,2084A0030,2084,582499.998,6672500.002,16.4873026,60.1810169,14,0
5820006674000,2084A0030,2084,582499.998,6674500.0,16.488115,60.1989689,25,7
5820006675000,2084A0030,2084,582499.998,6675500.001,16.4885216,60.2079448,27,12
5820006679000,2084A0030,2084,582499.998,6679499.997,16.4901506,60.2438485,16,6
5820006680000,2084A0030,2084,582499.998,6680499.999,16.4905585,60.2528244,31,9
5820006681000,2084A0030,2084,582499.998,6681500.0,16.4909666,60.2618003,11,3
5820006682000,2084A0030,2084,582499.998,6682500.001,16.491375,60.2707761,3,0
5830006670000,2084A0030,2084,583500.0,6670499.999,16.5045022,60.1628616,11,6
5830006673000,2084A0030,2084,583500.0,6673499.998,16.5057344,60.1897894,11,0
5830006674000,2084A0030,2084,583500.0,6674500.0,16.5061456,60.1987653,32,6
5830006679000,2084A0030,2084,583500.0,6679499.997,16.5082058,60.2436445,6,0
5840006669000,2084A0030,2084,584500.003,6669500.003,16.5220977,60.1536801,3,0
5840006670000,2084A0030,2084,584500.003,6670499.999,16.5225128,60.1626559,14,0
5840006672000,2084A0030,2084,584500.003,6672500.002,16.5233438,60.1806077,4,0
5840006675000,2084A0030,2084,584500.003,6675500.001,16.5245923,60.2075351,8,0
5850006673000,2084A0030,2084,585500.001,6673499.998,16.5417848,60.1893751,4,0
5850006675000,2084A0030,2084,585500.001,6675500.001,16.5426272,60.2073266,19,3
5850006676000,2084A0030,2084,585500.001,6676499.998,16.5430488,60.2163022,7,6
5850006677000,2084A0030,2084,585500.001,6677499.999,16.5434707,60.225278,7,3
5850006678000,2084A0030,2084,585500.001,6678500.001,16.5438929,60.2342537,20,3
5850006687000,2084A0030,2084,585500.001,6687499.999,16.5477045,60.3150342,8,0
5860006676000,2084A0030,2084,586499.999,6676499.998,16.5610884,60.2160912,3,3
5860006677000,2084A0030,2084,586499.999,6677499.999,16.5615152,60.2250668,28,3
5860006678000,2084A0030,2084,586499.999,6678500.001,16.5619423,60.2340424,12,0
5870006673000,2084A0030,2084,587499.998,6673499.998,16.5778341,60.1889509,16,0
5870006675000,2084A0030,2084,587499.998,6675500.001,16.5786962,60.2069021,3,0
5870006677000,2084A0030,2084,587499.998,6677499.999,16.5795594,60.2248532,3,0
5880006673000,2084A0030,2084,588500.0,6673499.998,16.5958584,60.1887352,8,6
5880006674000,2084A0030,2084,588500.0,6674500.0,16.5962942,60.1977107,6,0
5880006675000,2084A0030,2084,588500.0,6675500.001,16.5967303,60.2066862,9,8
5880006676000,2084A0030,2084,588500.0,6676499.998,16.5971667,60.2156617,9,10
5890006673000,2084A0030,2084,589500.002,6673499.998,16.6138824,60.188517,3,3
5900006673000,2084A0030,2084,590500.001,6673499.998,16.6319061,60.1882963,12,3
5910006674000,2084A0030,2084,591499.999,6674500.0,16.65038,60.1970485,3,3
